Detection, tach0, tach1, tach2, tach3, tach4, tach5, tach6, tach7, tach8, tach9, tach10, tach11, tach12, tach13, tach14, tach15, tach16, tach17, tach18, tach19, tach20, tach21, tach22, tach23, tach24, tach25, tach26, tach27, tach28, tach29, tach30, tach31, tach32, tach33, tach34, tach35, tach36, tach37, tach38, tach39, tach40, tach41, tach42, tach43, tach44, tach45, tach46, tach47, tach48, tach49, tach50, tach51, tach52, tach53, tach54, tach55, tach56, tach57, tach58, tach59, tach60, tach61, tach62, tach63, tach64, tach65, tach66, tach67, tach68, tach69, tach70, tach71, tach72, tach73, tach74, tach75, tach76, tach77, tach78
C,94,135,180,148,127,137,148,148,116,94,94,106,106,84,42,42,42,42,53,42,31,42,74,106,106,74,74,63,63,63,53,53,84,106,94,63,42,31,31,31,31,31,31,31,31,53,63,63,31,31,74,63,21,21,42,53,42,31,21,10,0,0,0,21,21,31,53,106,148,190,222,233,243,254,254,254,243,233,243
C,97,48,106,156,156,147,156,171,213,238,221,229,221,171,97,65,73,57,48,23,23,41,32,32,57,82,73,65,57,57,57,48,65,82,89,82,57,23,32,57,57,40,23,15,7,0,15,32,23,23,48,48,32,57,48,40,48,40,32,48,48,32,32,40,57,57,89,139,196,229,238,238,238,229,213,213,221,238,253
C,110,51,110,187,187,170,161,170,194,204,187,178,170,144,85,25,34,51,51,42,25,25,34,25,51,85,68,68,59,51,25,17,34,59,68,51,17,17,17,34,17,8,0,0,8,8,17,17,17,34,51,25,17,42,34,42,42,17,17,25,34,17,17,17,25,34,68,136,194,229,246,238,246,255,255,255,255,246,238
C,131,65,131,196,180,164,155,180,196,196,172,172,180,155,98,32,41,57,65,49,32,24,49,49,65,65,65,65,57,41,24,16,32,65,65,65,49,49,49,57,32,32,24,8,8,32,49,41,32,57,65,32,16,32,32,32,24,16,16,16,16,0,0,0,8,24,57,123,172,213,221,237,237,246,254,254,254,246,237
C,184,149,140,140,123,96,70,61,70,79,79,35,26,44,35,35,17,17,44,61,79,70,61,52,52,44,35,26,44,52,52,44,44,44,44,35,26,26,26,17,35,52,61,52,44,44,44,26,0,17,17,26,26,17,0,17,17,17,17,17,35,52,79,132,167,184,202,211,202,211,202,202,211,220,228,237,237,255,255
C,95,135,180,148,127,137,148,148,117,95,94,106,106,84,42,42,42,42,53,42,31,43,74,106,106,74,76,63,63,63,53,53,84,106,95,63,42,31,31,31,31,31,31,31,31,53,63,63,31,31,74,63,21,21,42,53,42,31,21,10,0,0,0,21,21,31,53,106,148,190,222,233,240,254,254,254,243,233,241
C,97,48,106,156,156,147,156,171,213,237,221,229,221,171,97,65,73,57,48,23,23,40,32,33,57,82,73,65,57,57,57,48,65,82,89,82,57,23,32,57,57,41,23,15,7,0,15,32,23,23,48,48,32,57,48,40,48,41,32,48,48,32,32,40,57,57,89,139,196,229,238,240,238,229,212,213,221,238,253
C,110,51,110,187,187,170,161,170,195,206,187,178,171,144,86,25,34,50,51,43,25,25,35,25,51,85,69,68,59,51,25,17,34,59,68,51,17,17,17,34,17,8,0,0,8,8,17,17,17,34,52,25,17,42,34,42,42,17,17,25,34,17,17,17,25,34,68,136,195,229,246,238,246,254,254,254,255,246,236
C,131,65,131,196,180,164,155,180,194,196,172,172,180,155,98,32,41,57,65,49,32,25,50,51,66,65,65,65,57,41,24,16,32,65,65,65,49,49,49,57,32,32,24,8,8,32,49,41,32,57,65,32,16,32,32,32,24,16,16,16,16,0,0,0,8,24,57,123,172,213,221,237,237,246,254,255,254,246,278
C,184,149,141,140,123,96,70,62,70,79,79,37,26,46,35,35,17,17,43,61,79,70,61,52,52,45,36,26,44,52,52,44,44,44,44,35,26,26,26,17,35,52,61,52,44,32,44,26,1,17,17,26,26,17,1,17,17,17,20,17,37,52,80,132,170,186,202,211,203,211,202,202,216,220,228,240,237,255,244
C,112,51,111,148,127,137,148,148,116,95,94,106,106,84,42,42,42,42,53,44,33,42,74,106,107,74,74,63,63,63,53,62,66,89,89,82,57,31,31,31,31,52,61,52,44,44,49,63,0,18,17,25,17,42,34,42,42,17,17,25,37,0,0,0,9,24,57,123,173,213,221,237,238,254,212,213,221,238,245
C,131,65,131,156,156,147,156,171,213,238,221,229,221,171,97,65,73,57,48,23,23,41,32,32,57,82,73,65,57,57,57,59,36,44,68,51,17,23,32,57,57,31,31,31,31,53,44,32,31,31,74,33,16,32,32,32,24,16,16,16,34,53,79,132,167,184,201,210,205,212,203,202,211,220,254,254,254,255,238
C,184,149,140,187,187,137,148,170,194,204,187,178,170,144,85,25,34,51,51,42,25,26,34,26,52,85,68,68,59,51,25,59,31,106,65,65,49,17,17,34,17,41,23,15,7,32,15,17,23,23,48,26,26,18,1,17,16,17,17,16,16,0,0,21,21,31,53,106,148,190,222,233,240,254,231,254,246,248,240
C,94,135,180,195,180,147,156,61,70,196,172,172,180,155,98,32,41,57,65,49,32,24,50,49,65,65,65,65,57,41,24,40,85,82,68,51,17,31,26,17,35,52,61,52,44,44,17,41,38,23,38,63,21,21,42,53,42,31,21,10,35,32,32,40,57,57,89,139,196,229,238,240,238,229,245,254,254,245,255
C,97,48,106,187,187,170,161,148,117,79,79,35,26,44,35,35,17,17,44,61,78,74,58,53,52,44,35,26,44,52,52,38,86,59,65,65,49,23,31,31,31,31,31,31,31,53,49,26,11,11,58,48,32,57,48,40,48,41,32,48,0,17,17,17,25,34,68,136,195,229,246,238,246,246,254,254,243,233,241
C,184,149,140,195,180,164,155,171,213,206,187,178,171,144,86,25,34,50,51,61,79,70,61,52,100,74,76,63,63,63,53,40,35,65,44,35,26,23,32,57,57,41,23,15,7,0,44,23,20,27,41,25,17,42,34,42,42,17,17,25,48,0,0,0,8,24,57,123,172,213,221,237,237,220,213,213,221,238,253
C,95,135,180,141,123,96,70,170,195,196,172,172,180,155,98,32,41,57,65,44,33,42,74,106,57,82,73,65,57,41,24,38,36,44,95,63,42,17,17,34,17,8,0,0,8,53,63,27,45,27,36,32,16,32,32,32,24,16,16,16,34,0,0,21,21,31,53,106,148,190,222,233,243,254,246,246,238,246,238
C,97,48,106,148,127,96,70,180,196,79,79,37,26,46,35,35,17,17,43,23,23,41,32,32,51,85,69,68,59,52,52,59,31,106,89,82,57,17,26,31,57,32,24,8,8,32,17,45,75,45,60,26,26,17,1,17,17,17,20,17,16,32,32,41,57,57,89,139,196,228,238,238,238,229,254,254,254,254,244
C,110,51,110,156,156,165,155,180,70,95,94,106,106,84,42,42,26,52,26,0,8,52,52,44,88,114,88,96,79,70,53,40,85,59,68,51,17,31,31,57,17,52,61,52,44,44,49,82,44,17,35,52,17,26,52,44,17,17,17,0,48,0,0,21,21,31,53,106,148,190,222,233,240,255,231,254,246,246,245
C,112,51,111,187,187,96,70,61,213,238,221,229,221,171,97,65,34,34,25,0,25,68,59,51,93,102,76,59,59,59,57,38,86,65,65,65,49,23,26,17,32,31,31,31,31,53,49,52,32,49,90,65,32,65,57,49,49,32,24,32,34,32,32,40,57,57,89,139,196,229,238,240,238,246,238,246,254,246,238
C,131,65,131,195,180,137,148,148,195,204,187,178,170,144,35,35,42,42,34,51,68,51,34,59,68,102,102,76,68,68,25,65,36,44,68,51,17,23,31,31,35,41,23,15,7,32,44,49,11,11,58,25,34,25,34,34,17,17,34,34,1,17,17,17,25,34,68,136,195,229,246,238,246,220,254,254,254,255,240
C,184,149,140,141,123,147,156,171,194,196,172,172,180,155,86,25,52,52,52,52,35,44,61,61,96,105,96,96,88,70,53,40,31,106,65,65,49,31,31,31,31,52,61,52,8,53,63,63,20,27,41,70,87,78,78,70,43,70,105,105,0,0,0,0,8,24,57,123,172,213,221,237,237,246,254,254,243,233,255
C,94,135,180,148,127,170,161,170,70,79,79,35,26,44,35,35,38,46,46,46,23,15,61,46,46,77,69,46,46,38,57,34,40,82,89,82,57,23,32,57,57,31,31,31,8,0,15,63,45,27,36,36,53,53,53,53,53,45,36,36,48,52,80,132,170,186,202,211,203,211,202,202,216,220,213,213,221,238,241
C,97,48,106,156,156,164,155,180,116,206,187,178,171,144,86,25,46,69,61,30,0,15,46,30,46,77,69,61,46,38,25,62,85,59,68,51,17,17,17,34,17,41,23,15,44,53,17,44,75,45,60,33,16,32,32,32,24,16,16,16,34,0,0,0,9,24,57,123,173,213,221,237,238,246,254,255,255,246,253
C,184,149,140,187,187,96,70,61,70,79,187,178,170,144,42,42,42,42,53,23,23,40,32,33,106,76,76,63,63,41,24,59,86,65,65,65,49,49,49,57,32,8,0,0,8,32,17,17,44,17,35,26,26,18,1,17,16,17,17,16,16,53,79,132,167,184,201,210,205,212,203,202,211,220,254,254,254,246,240
C,95,135,180,196,180,137,148,148,117,95,172,172,180,155,97,65,73,57,48,44,33,42,74,25,57,82,73,65,57,52,52,59,35,44,44,35,26,26,26,17,35,32,24,8,44,44,49,41,0,18,17,63,21,21,42,53,42,31,21,10,35,0,0,21,21,31,53,106,148,190,222,233,240,254,228,237,237,255,255
C,131,65,131,140,123,96,156,171,213,237,79,35,26,44,85,25,34,51,51,23,23,41,32,51,51,86,69,68,59,63,53,40,40,106,95,63,42,31,31,31,31,31,31,31,31,53,44,26,31,31,74,63,21,21,42,53,42,31,21,10,0,32,32,40,57,57,89,139,196,229,238,240,238,229,254,254,243,233,241
C,184,149,140,148,127,137,161,170,195,206,94,106,106,84,98,32,41,57,65,42,25,26,34,52,66,65,65,65,57,41,24,38,86,82,89,82,57,23,32,57,57,41,23,15,7,0,15,53,23,23,48,48,32,57,48,40,48,41,32,48,48,17,17,17,25,34,68,136,195,229,246,238,246,254,212,213,221,238,253
C,97,48,106,156,156,147,155,180,194,196,221,229,221,171,35,35,17,17,44,49,32,24,50,51,52,46,36,26,44,52,52,59,35,59,68,51,17,17,17,34,17,8,0,0,8,8,17,52,38,23,38,25,17,42,34,42,42,17,17,25,34,17,17,17,25,34,68,136,195,229,246,238,246,220,254,254,254,255,241
C,112,51,111,187,187,137,70,62,70,79,79,178,170,144,42,42,42,42,53,61,78,74,58,52,106,74,74,63,63,63,53,40,40,65,65,65,49,49,49,57,32,32,24,8,8,32,49,34,11,11,58,32,16,32,32,32,24,16,16,16,16,0,0,0,8,24,57,123,172,213,221,237,237,254,231,254,246,248,253
C,131,65,131,195,180,137,148,170,70,95,94,172,180,155,42,42,42,42,53,61,79,70,61,106,57,42,73,65,57,25,25,38,41,44,65,51,17,26,26,17,40,52,61,52,44,44,44,30,20,27,41,26,26,17,1,17,17,17,20,17,37,52,80,132,170,186,202,211,203,211,202,202,216,229,245,254,254,245,238
C,131,65,131,141,123,147,156,180,116,221,221,35,26,44,97,65,41,57,48,44,33,42,74,32,40,80,68,68,59,24,24,65,86,105,89,82,57,49,49,34,8,52,61,52,44,53,63,63,45,27,36,52,17,26,52,44,17,17,17,0,34,17,17,17,25,34,68,136,195,229,246,238,244,229,254,254,243,233,244
C,184,149,140,148,127,170,148,170,194,187,187,178,171,144,42,42,17,17,53,23,23,41,32,26,57,82,73,65,57,52,52,40,35,103,68,51,17,26,26,57,32,52,61,52,44,32,17,17,75,45,60,65,32,65,57,49,49,32,24,32,16,0,0,0,9,24,57,123,173,213,221,237,238,254,212,213,221,238,245
C,97,48,106,156,156,164,156,61,70,172,172,172,180,155,97,65,42,42,48,42,25,26,34,49,106,76,76,63,63,57,53,39,40,106,65,65,49,31,31,34,31,31,31,31,31,32,49,41,59,59,34,25,34,25,34,34,17,17,34,34,35,53,79,132,167,184,201,210,205,212,203,202,211,220,254,254,254,255,238
C,184,149,140,148,127,170,161,148,117,79,187,37,26,46,98,32,73,57,65,49,32,24,50,52,57,82,73,65,57,25,57,40,86,82,65,51,17,23,32,34,57,41,23,15,7,53,49,63,52,26,61,70,87,78,78,70,43,70,105,105,0,0,0,21,21,31,53,106,148,190,222,233,240,254,231,254,246,248,240
C,95,135,180,156,156,164,155,171,213,94,172,106,106,84,42,42,34,50,53,42,31,43,74,106,51,86,69,68,59,24,25,38,41,59,44,65,49,49,49,57,17,52,61,52,44,32,44,61,15,0,23,36,53,53,53,53,53,45,36,36,48,32,32,40,57,57,89,139,196,229,238,240,238,229,245,254,254,245,255
C,97,48,106,195,180,96,70,170,195,221,79,35,26,44,97,65,41,57,48,23,23,40,32,33,41,82,70,64,57,49,17,65,86,65,65,35,26,26,26,17,32,31,31,31,31,44,63,24,15,15,46,33,16,32,32,32,24,16,16,16,34,17,17,17,25,34,68,136,195,229,246,238,246,246,254,254,243,233,255
C,95,135,180,141,123,137,148,180,196,187,221,229,221,144,98,32,17,17,65,43,25,25,35,25,57,82,73,65,57,52,16,59,35,89,82,35,26,26,32,57,57,41,23,15,7,44,15,53,23,47,86,26,26,18,1,17,16,17,17,16,16,0,0,0,8,24,57,123,172,213,221,237,237,220,213,213,221,238,241
C,131,65,131,148,127,96,156,180,70,172,79,37,26,155,35,35,42,42,44,49,32,25,50,51,100,74,76,63,63,63,44,34,40,68,51,35,26,31,17,34,17,8,0,0,8,53,17,52,38,23,38,63,21,21,42,53,42,31,21,17,37,0,0,21,21,31,53,106,148,190,222,233,243,254,246,246,238,246,253
C,97,48,106,156,156,137,161,180,70,79,79,37,26,46,35,35,73,57,43,61,79,70,61,52,57,82,73,65,57,63,53,32,41,65,65,63,42,49,49,57,32,52,23,15,7,0,17,17,11,11,58,35,52,61,52,44,26,26,26,0,34,32,32,41,57,57,89,139,196,228,238,238,238,229,254,254,254,254,236
C,110,51,110,187,187,147,155,61,213,94,94,106,106,84,42,42,34,51,53,49,32,25,50,51,51,85,69,68,59,41,25,65,40,44,35,26,26,26,26,17,40,31,61,52,44,53,49,41,20,27,41,30,46,69,46,46,46,38,46,32,16,17,17,17,25,34,68,136,195,229,246,238,244,255,231,254,246,246,245
C,97,48,106,196,180,137,70,171,213,79,79,35,26,171,97,65,41,57,48,23,23,40,32,33,65,65,65,65,57,52,52,40,41,59,65,51,17,31,31,31,32,41,31,31,31,32,44,26,45,27,36,30,46,69,46,46,46,38,46,34,35,0,0,0,9,24,57,123,173,213,221,237,238,246,238,246,254,246,238
C,110,51,110,140,123,170,161,170,195,206,187,178,171,144,86,25,17,17,51,43,25,25,35,25,53,44,36,27,44,63,53,39,86,65,51,65,49,49,57,32,31,8,23,15,7,8,17,17,75,45,60,23,30,46,38,30,15,15,15,105,0,53,79,132,167,184,201,210,205,212,203,202,211,220,254,254,254,255,240
C,97,48,106,148,127,164,155,180,194,196,172,172,180,155,98,32,41,57,65,49,32,25,50,51,52,45,36,26,44,25,25,32,35,44,65,51,17,31,17,35,57,32,0,0,8,36,81,72,44,17,35,26,26,18,1,17,16,17,17,10,37,0,0,21,21,31,53,106,148,190,222,233,240,254,231,254,246,248,255
C,112,51,111,156,156,96,70,170,195,79,79,37,26,155,98,32,41,57,65,44,33,42,74,106,40,74,74,63,59,24,24,40,40,106,44,65,49,49,17,34,17,31,31,31,31,26,44,52,32,49,90,63,21,21,42,53,42,31,21,48,34,32,32,40,57,57,89,139,196,229,238,240,238,229,245,254,254,245,255
C,131,65,131,187,187,96,70,180,196,95,94,106,106,46,35,35,17,17,43,23,23,41,32,32,57,82,73,65,57,52,52,65,86,65,51,65,49,49,49,57,32,41,23,15,7,25,34,34,47,31,63,48,32,57,48,40,48,41,32,25,16,17,17,17,25,34,68,136,195,229,246,238,246,254,246,246,238,246,241
C,131,65,131,156,147,156,171,213,238,238,221,229,221,97,65,73,57,48,23,23,41,32,32,57,82,85,68,68,57,57,53,59,82,89,65,35,26,26,26,17,57,8,61,52,8,8,34,59,55,55,79,25,17,42,34,42,42,17,17,16,35,32,32,40,57,57,89,139,196,229,238,240,238,229,254,254,254,254,238
C,184,149,140,187,170,161,170,194,204,204,187,178,170,85,25,34,51,51,42,25,25,34,26,52,85,65,65,65,51,25,17,40,59,68,51,63,42,31,31,31,17,32,31,31,8,26,35,61,35,35,70,26,26,18,1,17,16,17,17,16,0,17,17,17,25,34,68,136,195,229,246,238,246,254,231,254,246,246,240
C,97,48,106,180,165,155,180,196,196,196,172,172,180,98,32,41,57,65,49,32,24,49,49,65,65,44,35,26,41,24,16,62,41,65,65,49,49,49,26,17,40,52,23,15,44,0,23,23,27,54,91,63,21,21,42,53,42,31,21,10,37,0,0,21,21,31,53,106,195,229,246,238,246,254,238,246,254,246,255
C,184,149,140,123,96,70,61,70,79,79,79,35,180,35,35,17,17,44,61,79,70,61,52,52,44,74,76,63,52,52,44,59,86,44,35,26,26,26,31,31,31,52,0,0,8,7,23,30,51,40,40,35,52,61,52,44,26,26,26,26,34,32,32,41,57,57,89,139,172,213,221,237,237,246,254,254,254,254,244
C,95,135,180,195,180,164,155,180,70,206,187,178,26,44,35,35,17,57,48,23,23,41,32,57,83,86,71,68,57,57,52,59,35,65,89,82,57,23,57,32,57,52,24,8,44,23,39,39,24,16,32,30,46,69,46,46,46,38,46,53,16,17,17,17,25,34,68,136,203,211,202,202,216,220,231,254,246,246,245
C,97,48,106,141,123,96,70,180,70,79,187,178,106,155,97,25,34,51,51,42,25,26,34,52,85,65,66,65,51,25,53,40,40,44,68,51,17,17,26,17,17,31,31,31,31,0,15,38,46,38,69,23,30,46,38,30,15,15,15,23,35,0,0,0,9,24,57,123,195,229,246,238,244,255,238,246,254,246,238
C,95,135,180,148,127,96,70,61,213,95,172,172,221,44,85,65,41,57,65,49,32,24,50,65,65,45,35,26,41,24,25,38,86,106,65,65,49,49,31,31,32,41,23,15,7,8,58,23,37,30,52,26,26,18,1,17,16,17,17,16,0,53,79,132,167,184,201,210,173,213,221,237,238,246,254,254,254,255,240
C,131,65,131,156,156,165,155,171,213,237,79,35,170,84,98,32,17,17,44,61,78,74,58,56,43,74,76,51,55,49,24,59,82,82,44,35,26,26,57,31,57,41,0,0,8,32,27,27,34,68,68,63,21,21,42,53,42,31,21,10,37,0,0,21,21,31,53,106,205,212,203,202,211,220,231,254,246,248,255
C,97,48,106,187,187,96,70,170,195,206,94,106,180,171,35,42,42,50,51,61,79,70,61,33,41,82,70,64,57,49,48,40,59,59,65,51,17,26,17,32,17,41,24,8,8,44,18,45,23,15,46,48,32,57,48,40,48,41,32,48,48,0,0,21,21,31,53,106,148,190,222,233,240,254,245,254,254,245,255
C,110,51,110,196,180,137,148,180,194,196,221,229,26,144,42,65,73,57,65,44,33,42,74,25,57,82,73,65,57,52,17,38,35,65,89,82,57,49,17,35,32,41,0,0,8,53,60,82,23,38,69,25,17,42,34,42,42,17,17,25,34,0,0,0,8,24,57,123,172,213,221,223,231,238,246,246,238,246,241
C,97,48,106,140,123,147,156,180,70,206,94,106,171,155,42,32,17,17,43,23,23,41,32,51,100,74,76,63,63,63,16,65,40,44,68,51,17,26,49,34,40,41,24,8,44,32,26,52,45,27,36,32,16,32,32,32,24,16,16,16,16,0,0,21,21,31,53,106,148,190,222,246,246,254,254,254,254,254,253
C,131,65,131,148,127,170,161,180,70,196,221,229,26,44,97,35,34,42,53,42,25,26,34,52,57,82,73,65,57,63,44,40,86,44,65,65,49,31,26,57,57,52,31,31,31,32,41,49,75,45,60,35,52,61,52,44,26,26,26,26,37,32,32,41,57,57,89,139,196,228,238,239,231,223,231,254,246,246,236
C,131,65,131,156,156,164,155,61,213,79,79,178,221,144,42,35,17,57,48,49,32,24,50,51,51,85,69,68,59,41,24,39,40,106,65,51,17,23,31,17,17,31,23,15,7,53,39,63,44,17,35,30,46,69,46,46,46,38,46,53,34,17,17,17,25,34,68,136,195,229,246,223,231,238,238,246,254,246,245
C,184,149,140,187,187,96,70,171,213,95,94,172,26,144,86,42,17,51,53,49,32,25,50,33,65,65,65,65,57,52,52,32,41,82,44,65,49,49,26,17,40,41,0,0,8,53,17,17,0,18,17,23,30,46,38,30,15,15,15,23,16,0,0,0,9,24,57,123,173,213,221,246,246,254,254,254,254,255,245
C,97,48,106,156,156,137,148,170,195,221,221,35,26,144,42,65,42,57,48,23,23,40,32,25,53,44,36,27,44,63,44,40,86,59,65,35,26,26,31,31,57,8,24,8,8,0,17,17,31,31,74,26,26,18,1,17,16,17,17,16,35,53,79,132,167,184,201,210,205,212,203,239,231,223,231,254,246,248,238
C,97,48,106,187,187,96,156,180,194,187,187,178,106,155,97,32,73,51,42,25,25,34,26,33,41,82,70,64,57,24,52,65,35,65,82,35,26,26,31,31,17,52,61,52,44,53,81,72,23,23,48,63,21,21,42,53,42,31,21,10,35,0,0,21,21,31,53,106,148,190,222,233,240,254,238,246,254,246,240
C,97,48,106,196,180,147,155,180,194,196,221,229,26,44,85,42,34,65,49,32,24,49,49,25,57,82,73,65,57,49,53,59,40,89,65,51,17,23,57,32,32,31,61,52,44,32,44,52,23,65,32,48,32,57,48,40,48,41,32,16,0,32,32,40,57,57,89,139,196,229,238,240,238,229,254,254,254,255,255
C,110,51,110,141,123,137,70,62,70,79,79,178,171,84,98,65,41,44,61,79,70,61,52,51,100,74,76,63,63,49,25,40,82,68,44,65,49,49,26,17,57,52,61,52,44,44,34,34,17,23,48,26,26,18,1,17,16,17,17,16,37,17,17,17,25,34,68,136,195,229,246,238,246,254,231,254,246,248,255
C,97,48,106,148,127,137,70,170,195,79,79,37,180,171,35,32,17,57,48,23,23,41,32,52,57,82,73,65,57,52,24,62,59,65,65,35,26,26,17,34,17,31,31,31,31,53,34,59,32,65,32,63,21,21,42,53,42,31,21,10,34,0,0,0,8,24,57,123,172,213,221,237,237,246,245,254,254,245,241
C,131,65,131,156,147,147,148,180,196,94,94,106,26,144,42,35,42,51,51,42,25,26,34,51,51,85,69,68,59,63,52,40,65,44,82,35,26,26,17,57,32,41,31,31,31,32,35,61,0,18,17,35,52,61,52,44,26,26,26,26,16,32,40,57,57,89,139,196,229,238,240,238,229,212,246,246,238,246,253
C,131,65,131,148,127,96,156,180,70,79,79,35,106,155,42,65,41,57,65,49,32,24,50,33,65,65,65,65,57,63,53,38,44,65,51,65,49,49,17,31,40,8,23,15,7,44,23,23,34,68,68,30,46,69,46,46,46,38,46,26,34,17,17,25,34,68,136,195,229,246,238,246,254,254,254,254,254,254,245
C,110,51,110,140,123,170,161,180,70,206,187,178,221,44,97,32,17,17,44,61,78,74,58,25,43,74,76,51,55,49,17,59,35,44,65,51,17,31,49,17,57,52,0,0,8,53,23,30,23,15,46,23,30,46,38,30,15,15,15,53,16,0,0,8,24,57,123,172,213,221,237,237,246,254,231,254,246,246,238
C,97,48,106,148,127,96,155,61,213,95,172,172,170,144,42,32,41,50,51,61,79,70,61,51,41,82,70,64,57,49,16,40,40,106,44,65,49,49,26,31,17,31,23,15,7,0,39,39,23,38,69,26,26,18,1,17,16,17,17,23,37,46,38,30,23,30,38,53,107,169,200,223,231,238,238,246,254,246,240
C,112,51,111,156,156,170,70,171,213,196,221,229,180,46,35,32,41,57,65,44,33,42,74,106,57,82,73,65,57,52,44,38,41,82,51,65,49,49,57,32,40,41,61,52,44,8,15,38,45,27,36,63,21,21,42,53,42,31,21,16,34,15,7,7,15,7,38,92,169,215,238,246,246,254,254,254,254,254,255
C,131,65,131,187,187,164,161,170,195,79,79,178,180,97,65,35,17,17,43,23,23,41,32,32,100,74,76,63,63,63,52,65,86,59,65,35,26,26,17,17,57,41,31,31,31,32,58,23,75,45,60,48,32,57,48,40,48,41,32,10,26,32,32,41,57,57,89,139,198,223,231,239,231,223,231,254,246,246,255
C,110,51,110,187,147,137,155,180,194,95,172,172,26,85,25,34,18,42,53,42,25,26,34,57,57,82,73,65,57,63,53,40,35,65,51,63,42,31,17,31,17,31,23,15,7,44,27,27,44,17,35,25,17,42,34,42,42,17,17,16,53,17,17,17,25,34,68,136,154,200,215,223,231,238,238,246,254,246,241
C,97,48,106,196,127,96,70,170,195,237,79,37,180,98,32,42,42,57,48,49,32,24,50,52,51,85,69,68,59,41,57,39,86,89,65,49,49,49,49,32,32,41,0,0,8,53,49,41,0,18,17,33,16,32,32,32,24,16,16,16,23,15,7,7,15,7,38,92,169,215,238,246,246,254,254,254,254,255,253
C,110,51,110,140,123,137,70,180,196,206,94,37,180,35,35,65,73,51,53,49,32,25,50,65,65,65,65,65,57,52,25,65,35,44,35,26,26,26,26,35,40,52,31,31,31,53,44,26,31,31,74,26,26,18,1,17,16,17,17,10,23,32,32,41,57,57,89,139,198,223,231,239,231,223,231,254,246,248,240
C,97,48,106,148,127,147,171,213,238,94,94,106,26,44,35,35,17,57,48,23,23,40,32,52,53,44,36,27,44,63,25,59,40,106,89,82,57,23,31,34,57,31,23,15,7,53,17,44,23,23,48,63,21,21,42,53,42,31,21,26,38,0,0,21,21,31,53,106,148,190,222,233,243,245,245,254,254,245,255
C,112,51,111,156,156,170,170,194,204,206,187,178,106,155,97,25,30,17,51,43,25,25,35,57,41,82,70,64,57,64,52,40,82,82,68,51,17,17,26,57,17,41,61,52,8,0,17,17,23,23,48,35,52,61,52,44,26,26,26,53,11,32,32,41,57,57,89,139,196,228,238,223,231,238,246,246,238,246,255
C,131,65,131,187,187,96,180,196,196,95,172,172,221,144,42,35,17,57,65,49,32,25,50,57,57,82,73,65,57,63,53,62,59,59,65,65,49,49,26,17,40,52,31,31,8,53,49,41,23,38,69,30,46,69,46,46,46,38,46,23,20,17,17,17,25,34,68,136,195,229,246,246,246,254,254,254,254,254,241
C,131,65,131,156,123,137,61,70,79,204,95,40,170,155,42,65,17,57,65,44,33,42,74,52,51,85,69,68,59,41,25,40,65,65,44,35,26,26,31,31,57,31,61,52,44,32,17,17,45,27,36,48,32,57,48,40,48,41,32,16,36,0,0,0,9,24,57,123,173,213,221,239,231,223,231,254,246,246,255
C,131,65,131,187,187,96,70,180,196,95,94,106,106,46,35,35,17,17,43,23,23,41,32,65,65,65,65,65,57,52,24,38,44,65,95,63,42,31,26,17,17,41,31,31,31,44,81,72,75,45,60,25,17,42,34,42,42,17,17,10,22,15,7,7,15,7,38,92,169,215,238,223,231,238,238,246,254,246,255
C,131,65,131,156,147,156,70,171,213,238,187,178,106,155,65,73,57,48,23,23,41,32,32,57,82,73,65,57,57,57,48,59,35,89,89,82,57,23,31,31,32,8,23,15,7,53,44,52,31,31,25,26,26,18,1,17,16,17,17,34,52,32,32,41,57,57,89,139,198,223,231,246,246,254,254,254,254,255,241
C,184,149,140,187,170,161,148,170,195,204,221,229,26,44,25,34,51,51,42,25,25,34,26,52,85,68,68,59,51,25,17,34,59,68,68,51,17,17,34,31,57,52,0,0,8,32,34,34,57,65,32,63,21,21,42,53,42,31,21,105,41,17,17,17,25,34,68,136,154,200,215,239,231,223,246,246,238,246,253
C,97,48,106,180,165,155,156,180,194,196,79,178,171,84,32,41,57,65,49,32,24,49,49,65,65,65,65,57,41,24,16,32,65,65,65,65,49,49,57,32,17,31,31,31,31,44,34,59,17,17,26,35,52,61,52,44,26,26,26,106,31,0,0,21,21,31,53,106,148,190,222,233,240,232,254,254,254,254,245
C,184,149,140,123,96,70,61,70,79,79,79,35,180,35,35,17,17,44,61,79,70,61,52,52,44,35,26,44,52,52,44,44,44,44,44,35,26,26,17,35,52,41,23,15,7,53,35,61,45,28,36,30,46,69,46,46,46,38,46,54,31,0,0,0,8,24,57,123,172,213,221,237,237,248,231,254,246,246,238

L,211,140,114,211,237,220,193,193,220,202,158,132,123,132,123,105,52,52,44,61,61,35,35,52,88,105,88,79,88,88,88,70,70,79,96,105,79,79,61,26,35,44,52,52,44,17,26,79,88,52,70,114,52,17,26,52,44,17,17,17,0,8,17,17,17,44,61,105,132,123,123,158,193,228,237,228,237,246,223
L,188,65,16,98,164,164,123,98,123,164,180,172,180,172,147,82,24,32,41,32,0,0,32,32,32,90,90,65,57,41,32,8,8,32,57,57,32,16,24,49,65,49,41,32,8,0,8,32,32,16,32,65,65,32,65,57,49,49,32,24,32,32,8,0,0,16,16,32,98,164,205,213,237,246,254,246,246,254,254
L,93,0,68,110,102,85,68,119,170,187,195,178,153,136,93,51,34,42,34,25,25,59,59,51,85,85,68,59,34,25,34,25,59,68,59,51,17,8,25,42,42,25,17,0,0,0,0,8,0,0,34,34,25,34,25,34,34,17,17,34,34,25,17,8,8,8,34,76,161,195,212,238,255,255,255,238,246,255,255
L,105,140,218,218,210,175,183,200,210,200,183,183,175,105,52,60,70,52,8,0,17,8,17,70,87,70,52,43,35,25,17,52,87,87,70,35,25,25,52,60,35,35,25,25,8,8,17,17,25,60,70,52,70,87,78,78,70,43,70,105,105,87,60,43,43,43,60,105,175,235,253,245,253,245,227,235,253,253,255
L,198,117,108,226,253,217,181,181,198,198,172,172,181,181,144,81,72,72,62,62,62,45,72,72,98,126,98,90,108,90,72,62,62,81,108,108,72,72,72,72,62,45,45,36,26,36,81,72,36,62,81,62,36,53,53,53,53,53,45,36,36,17,8,0,26,62,72,108,153,198,226,226,217,217,226,244,253,244,253
L,114,17,61,140,132,105,88,105,132,184,184,176,149,114,44,17,26,52,26,0,8,52,52,44,88,114,88,96,79,70,52,35,44,52,61,44,17,17,44,70,61,52,44,17,26,26,44,52,35,44,70,79,61,79,96,88,88,96,79,79,70,52,52,44,44,44,61,114,184,220,246,255,237,211,202,220,246,246,246
L,85,25,119,170,161,136,136,170,204,212,195,187,178,136,76,34,34,34,25,0,25,68,59,51,93,102,76,59,59,59,42,42,68,85,76,51,34,34,59,76,59,42,25,17,25,25,34,34,34,51,76,68,51,68,76,68,59,51,42,59,59,42,25,25,25,34,68,153,212,238,229,238,246,255,255,255,255,255,255
L,170,68,51,136,187,178,153,144,170,170,153,144,136,127,102,76,42,42,34,51,68,51,34,59,68,102,102,76,68,68,59,34,34,51,76,93,85,68,68,51,51,42,25,17,8,8,34,59,59,59,34,68,85,34,17,25,25,25,17,8,8,8,8,0,0,0,8,42,93,136,178,221,221,221,229,238,255,255,254
L,96,26,96,167,149,114,96,132,158,158,167,167,167,123,105,61,52,52,52,52,35,44,61,61,96,105,96,96,88,70,61,61,70,96,96,96,70,61,61,70,61,44,35,26,26,26,35,61,52,26,61,70,35,52,61,52,44,26,26,26,26,17,0,17,17,26,52,123,202,228,237,255,246,237,237,255,255,255,255
L,154,61,46,115,146,138,107,100,123,161,200,192,169,154,123,69,38,46,46,46,23,15,61,46,46,77,69,46,46,38,30,30,23,46,61,46,30,7,0,23,46,46,30,23,0,0,23,23,15,0,23,46,30,46,69,46,46,46,38,46,53,46,38,30,23,30,38,53,107,169,200,223,231,238,255,246,238,246,255
L,138,61,53,146,177,169,138,154,177,184,184,192,192,177,107,46,46,69,61,30,0,15,46,30,46,77,69,61,46,38,30,15,23,61,77,61,30,15,15,30,38,23,15,0,0,7,23,30,15,15,46,46,23,30,46,38,30,15,15,15,23,15,7,7,15,7,38,92,169,215,238,246,246,254,227,254,246,255,253
L,151,0,16,190,207,174,166,182,182,190,198,190,174,151,111,55,71,71,71,55,15,31,55,55,63,86,71,63,55,47,23,7,0,23,31,39,23,23,15,39,31,23,15,0,7,23,39,39,23,47,86,86,63,63,79,55,55,55,23,15,23,23,23,23,39,55,86,135,198,223,253,226,217,223,226,254,255,253,246
L,161,140,68,130,154,130,193,100,146,177,177,177,177,161,123,69,38,38,38,38,7,15,46,38,38,92,92,69,69,69,53,23,7,38,69,69,38,23,30,46,53,38,23,7,0,0,15,38,38,23,38,77,53,38,69,38,38,38,30,30,38,38,23,15,23,23,38,84,154,200,226,255,237,238,238,246,255,244,238
L,150,117,218,220,162,104,123,116,170,197,185,172,180,139,116,58,58,81,46,46,11,34,58,58,81,162,102,76,92,92,32,8,58,92,104,69,58,34,58,69,58,23,11,11,11,11,58,23,11,11,58,58,23,34,34,23,23,11,11,11,11,0,0,0,11,11,34,69,184,185,246,238,246,232,243,255,255,246,243
L,55,17,108,179,165,151,68,179,210,200,200,178,153,138,69,62,82,75,55,34,41,69,55,69,96,75,96,96,55,41,34,25,82,82,75,55,48,55,62,62,41,27,13,13,20,27,27,27,20,27,41,27,41,48,34,34,27,20,27,27,20,0,6,20,27,41,82,138,212,227,229,241,248,248,248,255,248,248,248
L,154,25,100,191,209,182,183,172,198,218,195,183,175,127,109,72,54,54,54,36,18,0,17,70,87,70,69,46,63,63,17,52,36,63,76,93,54,36,27,36,54,45,36,18,0,9,18,45,45,27,36,81,63,36,69,46,46,46,38,46,36,36,9,0,9,18,36,81,93,182,218,236,245,237,245,254,254,245,245
L,105,67,157,202,187,150,181,165,132,165,183,172,181,127,97,82,24,52,34,25,25,0,72,72,98,126,98,67,67,67,72,62,52,82,96,96,67,52,45,45,45,37,45,22,22,37,60,82,75,45,60,60,15,15,46,38,30,15,15,15,22,22,30,37,45,75,105,135,165,172,210,240,240,238,255,246,255,255,247
L,176,44,17,218,132,132,88,88,204,167,172,176,149,184,140,51,34,35,8,0,17,0,52,44,88,114,88,105,114,79,52,35,35,52,61,46,52,35,44,52,79,61,44,44,17,17,26,52,44,17,35,79,61,61,79,61,52,61,52,26,52,44,35,8,8,17,17,35,88,132,184,184,202,254,220,254,237,255,238
L,147,73,98,226,196,172,136,155,170,164,184,187,178,147,123,60,70,73,62,62,62,0,59,51,93,102,76,57,49,57,42,42,24,57,65,73,57,41,49,57,57,49,24,0,0,8,23,30,15,15,90,57,49,65,57,49,41,32,24,32,41,24,16,16,15,24,41,90,155,213,237,237,237,237,254,254,246,237,243
L,151,71,23,140,187,151,153,103,158,143,195,144,136,151,127,81,72,47,26,0,8,31,34,59,68,102,102,71,71,63,59,34,39,55,63,79,86,63,63,55,55,31,31,23,0,23,39,39,23,47,63,63,39,31,47,39,31,31,31,31,31,31,31,15,39,23,23,63,111,190,231,239,246,254,254,254,246,254,248
L,198,111,71,170,149,182,135,143,166,182,153,167,167,151,135,17,26,79,25,0,25,47,61,61,96,105,96,86,86,86,61,61,63,86,103,94,63,47,15,30,38,23,7,0,7,39,15,38,38,23,79,71,39,31,47,47,39,39,31,31,31,31,23,15,31,31,55,86,135,174,190,215,254,254,246,239,239,246,254
L,176,70,35,136,146,140,105,79,114,158,167,192,169,176,123,34,34,70,34,51,68,8,61,46,46,77,69,70,79,61,30,30,0,35,61,61,35,26,15,39,31,61,61,8,0,26,44,44,35,35,70,88,61,70,70,61,61,61,52,44,70,70,44,26,35,35,52,88,140,193,220,228,237,255,254,220,211,211,220
L,182,127,191,167,177,209,200,182,191,182,200,154,154,163,118,76,42,27,52,52,35,9,46,30,46,77,69,72,72,72,54,63,81,91,81,72,54,54,30,46,53,36,23,7,0,45,72,63,27,54,91,54,18,36,45,36,27,27,18,18,36,9,0,9,18,36,63,109,136,182,209,218,227,245,254,245,254,255,254
L,173,51,23,115,207,173,122,91,132,173,184,173,183,173,163,61,52,20,46,46,23,20,55,55,63,86,71,91,81,71,51,20,30,81,91,91,61,51,51,51,51,40,11,11,11,10,40,61,51,40,40,81,71,30,51,61,51,51,40,30,20,20,10,0,10,20,20,51,91,142,183,214,224,244,255,244,254,246,244
L,196,90,71,146,154,164,131,106,114,164,198,188,172,164,147,69,38,57,61,30,0,8,46,38,38,92,92,57,41,32,24,0,8,41,65,65,41,24,24,32,57,41,13,13,20,0,0,24,24,16,32,65,57,49,65,65,49,49,32,8,32,32,24,16,16,24,24,41,73,147,205,221,246,254,254,246,238,238,246
L,169,77,35,190,123,123,107,107,123,138,130,123,138,130,100,46,46,53,71,55,15,15,58,58,81,162,127,53,61,53,38,23,30,53,61,61,53,38,38,46,38,30,23,7,0,30,53,53,46,38,69,77,46,53,61,53,46,38,38,30,30,30,23,15,30,38,61,100,154,207,223,223,227,231,246,246,239,246,254
L,202,105,82,165,210,195,172,172,180,180,187,180,172,172,112,45,30,37,38,38,7,22,37,45,75,75,102,71,52,52,30,22,30,52,75,67,52,45,37,37,45,22,15,0,0,22,45,52,37,30,52,60,37,45,52,45,45,52,37,37,37,45,22,22,37,37,52,90,172,217,240,255,224,255,255,255,247,232,244
L,42,76,170,178,136,102,110,127,153,170,195,195,161,76,42,34,59,42,46,46,11,34,51,102,93,76,96,86,42,34,17,34,59,59,81,72,25,34,59,42,34,25,0,0,8,0,25,34,34,68,68,51,68,68,47,47,39,39,31,31,59,42,34,34,34,42,93,161,204,229,255,229,212,245,238,238,238,246,229
L,177,61,38,123,154,123,92,92,123,154,161,154,146,123,84,38,30,38,38,30,23,30,53,30,61,92,69,70,69,61,46,30,30,38,91,91,46,30,30,46,46,38,30,23,7,0,7,30,23,15,46,61,38,38,70,61,61,61,52,44,69,61,30,30,30,30,53,107,177,231,254,246,246,244,254,244,254,246,238
L,130,69,169,207,184,138,130,161,169,146,130,130,115,92,46,38,53,38,15,7,0,15,30,38,77,77,69,72,61,46,38,30,46,69,69,38,30,38,38,38,23,15,7,0,7,23,38,38,23,38,69,69,38,46,45,36,27,27,18,18,15,7,7,30,38,38,84,146,192,207,223,223,231,254,254,246,238,238,238
L,71,79,182,215,182,174,190,207,198,182,174,174,174,143,111,63,86,86,71,39,15,31,47,55,86,79,71,91,63,55,31,31,47,47,47,47,31,39,39,47,39,31,23,15,23,39,72,63,27,54,71,47,15,39,47,39,39,31,23,23,23,15,0,15,15,31,63,119,174,198,223,239,239,246,254,246,239,231,223
L,119,68,102,170,170,170,161,161,161,127,102,102,102,102,76,59,8,25,34,42,42,8,25,42,51,59,42,51,68,68,42,25,25,42,51,76,51,25,17,8,25,8,8,17,8,17,40,61,51,40,42,68,17,0,25,42,25,8,0,0,0,8,8,8,8,34,68,93,144,170,195,195,195,229,238,238,255,255,255
L,114,17,71,151,198,182,135,143,166,182,151,151,159,151,135,111,71,79,71,71,63,47,55,71,79,103,94,79,88,88,88,70,70,79,96,105,79,79,61,26,35,44,52,52,26,26,44,52,35,44,70,79,61,79,96,88,88,96,79,79,70,52,52,17,17,26,52,123,98,164,205,213,237,246,254,246,255,254,254
L,85,25,35,88,132,140,105,79,114,158,184,193,193,176,123,52,44,70,70,52,35,8,35,44,44,79,79,65,57,41,32,8,8,32,57,57,32,16,24,49,65,49,41,32,25,25,34,34,34,51,76,68,51,68,76,68,59,51,42,59,59,42,25,30,23,30,38,53,161,194,212,238,255,255,255,238,255,245,220
L,170,68,191,236,227,209,200,182,191,182,163,154,154,163,118,45,36,27,18,45,36,9,36,63,109,100,72,59,34,25,34,25,59,68,59,51,17,8,25,42,42,25,17,0,8,8,34,59,59,59,34,68,85,34,17,25,25,25,17,8,8,8,8,7,15,7,38,92,175,235,253,245,253,245,227,235,255,255,254
L,96,26,82,165,210,194,172,172,180,180,187,180,172,172,112,45,30,37,30,22,22,22,37,45,75,75,60,43,35,25,17,52,87,87,70,35,25,25,52,60,35,35,25,25,26,26,35,61,52,26,61,70,35,52,61,52,44,26,26,26,26,17,0,23,39,55,86,135,153,198,226,226,217,217,226,244,238,255,244
L,154,61,170,178,136,102,110,127,153,170,194,194,161,76,42,34,59,42,25,25,51,34,51,102,93,76,59,90,108,90,72,62,62,81,108,108,72,72,72,72,62,45,45,36,0,0,23,23,15,0,23,46,30,46,69,46,46,46,38,46,53,46,38,15,23,23,38,84,184,220,246,255,237,211,246,220,254,237,246
L,147,73,38,123,154,123,92,92,123,154,161,154,146,123,84,38,30,38,38,30,23,30,53,30,61,92,77,96,79,70,52,35,44,52,61,44,17,17,44,70,61,52,44,17,0,7,23,30,15,15,46,46,23,30,46,38,30,15,15,15,23,15,7,0,11,11,34,69,212,238,229,238,255,255,246,255,246,254,255
L,151,71,169,207,184,138,130,161,169,146,130,130,115,92,46,38,53,38,15,7,0,15,30,38,77,77,69,59,59,59,42,42,68,85,76,51,34,34,59,76,59,42,25,17,0,30,53,53,46,38,69,77,46,53,61,53,46,38,38,30,30,30,23,20,27,41,82,138,93,136,178,221,212,221,245,238,254,255,254
L,198,111,182,215,182,174,190,207,198,182,174,174,174,143,111,63,86,86,71,39,15,31,47,55,86,79,71,76,68,68,59,34,34,51,76,93,85,68,68,51,51,42,25,17,0,22,45,52,37,30,52,60,37,45,52,45,45,52,37,37,37,45,22,0,9,18,36,81,202,228,237,255,246,237,255,255,254,255,220
L,176,70,102,170,170,170,161,161,161,127,102,102,102,102,76,59,8,25,34,42,42,8,25,42,51,59,42,96,88,70,61,61,70,96,96,96,70,61,61,70,61,44,35,26,8,0,25,34,34,68,68,51,68,68,68,59,51,51,59,51,59,42,34,37,45,75,105,135,107,169,200,223,231,238,254,246,239,246,254
L,182,127,38,123,154,123,92,92,123,154,161,154,146,123,84,38,30,38,38,30,23,30,53,30,61,92,77,46,46,38,30,30,23,46,61,46,30,7,0,23,46,46,30,23,7,0,7,30,23,15,46,61,38,38,61,61,61,61,30,30,69,61,30,8,8,17,17,35,169,215,238,246,239,254,246,254,254,254,244
L,173,51,169,207,184,138,130,161,169,146,130,130,115,92,46,38,53,38,15,7,0,15,30,38,77,77,69,61,46,38,30,15,23,61,77,61,30,15,15,30,38,23,15,0,26,26,44,52,35,44,70,79,61,79,96,88,88,96,79,79,70,52,52,16,24,24,41,90,198,223,231,239,194,223,231,254,246,246,246
L,196,90,182,215,182,174,190,207,198,182,174,174,174,143,111,63,86,86,71,39,15,31,47,55,86,79,71,63,55,47,23,7,0,23,31,39,23,23,15,39,31,23,15,0,25,25,34,34,34,51,76,68,51,68,76,68,59,51,42,59,59,42,25,15,15,23,23,63,154,200,215,223,231,238,238,246,254,246,243
L,169,77,102,170,170,170,161,161,161,127,102,102,102,102,76,59,8,25,34,42,42,8,25,42,51,59,42,69,69,69,53,23,7,38,69,69,38,23,30,46,53,38,23,7,8,8,34,59,59,59,34,68,85,34,17,25,25,25,17,8,8,8,8,26,35,35,52,88,139,185,197,208,220,232,243,255,255,255,248
L,130,69,71,151,198,182,135,143,166,182,151,151,159,151,135,111,71,79,71,71,63,47,55,71,79,103,94,42,42,34,17,34,59,59,34,25,25,34,59,42,34,25,0,0,26,26,35,61,52,26,61,70,35,52,61,52,44,26,26,26,26,17,0,9,18,36,63,109,193,227,241,241,248,248,248,255,248,248,248
L,71,79,35,88,132,140,105,79,114,158,184,193,193,176,123,52,44,70,70,52,35,8,35,44,44,79,79,77,69,61,46,30,30,38,53,53,46,30,30,46,46,38,30,23,0,0,23,23,15,0,23,46,30,46,69,46,46,46,38,46,53,46,38,0,10,20,20,51,136,182,218,236,245,245,245,254,254,245,245
L,119,68,191,236,227,209,200,182,191,182,163,154,154,163,118,45,36,27,18,45,36,9,36,63,109,100,72,61,61,46,38,30,46,69,69,38,30,38,38,38,23,15,7,0,0,7,23,30,15,15,46,46,23,30,46,38,30,15,15,15,23,15,7,8,16,24,24,41,165,172,210,240,240,240,255,255,255,245,247
L,114,17,82,165,210,194,172,172,180,180,187,180,172,172,112,45,30,37,30,22,22,22,37,45,75,75,60,63,63,55,31,31,47,47,47,47,31,39,39,47,39,31,23,15,7,23,39,39,23,47,86,86,63,63,79,55,55,55,23,15,23,23,23,30,30,38,61,100,88,132,184,184,202,220,220,228,246,255,255
L,176,25,170,178,136,102,110,127,153,170,194,194,161,76,42,34,59,42,25,25,51,34,51,102,93,76,59,51,68,68,42,25,25,42,51,76,51,25,17,8,25,8,8,17,0,0,15,38,38,23,38,77,53,38,69,38,38,38,30,30,38,38,23,22,37,37,52,90,155,213,237,237,237,237,254,254,254,255,229
L,147,68,38,123,154,123,92,92,123,154,161,154,146,123,84,38,30,38,38,30,23,30,53,30,61,92,77,79,88,88,88,70,70,79,96,105,79,79,61,26,35,44,52,52,11,11,58,23,11,11,58,58,23,34,34,23,23,11,11,11,11,0,0,34,34,42,93,161,111,190,231,239,246,254,254,254,254,237,239
L,151,65,169,207,184,138,130,161,169,146,130,130,115,92,46,38,53,38,15,7,0,15,30,38,77,77,69,65,57,41,32,8,8,32,57,57,32,16,24,49,65,49,41,32,20,27,27,27,20,27,41,27,41,48,34,34,27,20,27,27,20,0,6,30,30,30,53,107,135,174,190,215,254,254,246,239,239,254,254
L,198,0,35,88,132,140,105,79,114,158,184,193,193,176,123,52,44,70,70,52,35,8,35,44,44,79,79,59,34,25,34,25,59,68,59,51,17,8,25,42,42,25,17,0,0,9,18,45,45,27,36,81,63,36,63,54,45,36,36,36,36,36,9,30,38,38,84,146,140,193,220,228,237,255,246,220,211,211,220
L,176,140,191,236,227,209,200,182,191,182,163,154,154,163,118,45,36,27,18,45,36,9,36,63,109,100,72,43,35,25,17,52,87,87,70,35,25,25,52,60,35,35,25,25,22,37,60,82,75,45,60,60,15,15,45,45,37,37,37,30,22,22,30,0,9,18,36,81,136,182,209,218,227,245,245,245,254,254,254
L,182,117,82,165,210,194,172,172,180,180,187,180,172,172,112,45,30,37,30,22,22,22,37,45,75,75,60,96,88,70,61,61,70,96,96,96,70,61,61,70,61,44,35,26,17,17,26,52,44,17,35,79,61,61,79,61,52,61,52,26,52,44,35,37,45,75,105,135,91,142,183,214,224,244,255,244,244,255,244
L,198,111,170,178,136,102,110,127,153,170,194,194,161,76,42,34,59,42,25,25,51,34,51,102,93,76,59,46,46,38,30,30,23,46,61,46,30,7,0,23,46,46,30,23,0,8,41,49,32,49,90,57,49,65,57,49,41,32,24,32,41,24,16,8,8,17,17,35,73,147,205,221,246,254,254,246,246,255,244
L,176,70,38,123,154,123,92,92,123,154,161,154,146,123,84,38,30,38,38,30,23,30,53,30,61,92,77,61,46,38,30,15,23,61,77,61,30,15,15,30,38,23,15,0,7,23,38,38,23,38,69,69,38,46,38,38,38,38,30,30,15,7,7,16,24,24,41,90,154,207,223,223,231,231,246,246,254,237,246
L,182,127,182,215,163,173,122,91,132,173,173,173,183,173,163,102,30,20,30,20,20,20,30,51,75,75,60,63,55,47,23,7,0,23,31,39,23,23,15,39,31,23,15,0,8,17,34,51,59,25,42,68,17,0,25,42,25,8,0,0,0,8,8,15,15,23,23,63,111,169,200,255,237,254,246,254,254,254,255
L,173,51,102,170,147,164,131,106,114,164,188,188,172,164,147,73,32,57,57,41,8,8,49,32,93,76,59,69,69,69,53,23,7,38,69,69,38,23,30,46,53,38,23,7,26,26,44,52,35,44,70,79,61,79,96,88,88,96,79,79,70,52,52,26,35,35,38,53,107,215,238,238,255,223,231,254,246,255,254
L,170,68,38,123,123,123,107,107,123,138,130,123,138,130,100,53,46,53,46,46,30,15,30,53,61,92,77,42,42,34,17,34,59,59,34,25,25,34,59,42,34,25,0,0,25,25,34,34,34,51,76,68,51,68,76,68,59,51,42,59,59,42,25,9,18,36,38,92,169,223,231,221,212,238,238,246,254,255,220
L,96,26,169,207,210,194,172,172,180,180,187,180,172,172,112,45,30,37,30,22,22,22,37,45,77,77,69,77,69,61,46,30,30,38,53,53,46,30,30,46,46,38,30,23,8,8,34,59,59,59,34,68,85,34,17,25,25,25,17,8,8,8,8,0,10,20,86,135,198,200,215,255,246,232,243,255,255,246,254
L,154,61,182,215,136,102,110,127,153,170,194,194,161,76,42,34,59,42,25,25,51,34,51,102,86,79,71,61,61,46,38,30,46,69,69,38,30,38,38,38,23,15,7,0,26,26,35,61,52,26,61,70,35,52,61,52,44,26,26,26,26,17,0,8,16,24,38,84,154,185,197,223,231,254,255,255,248,254,244
L,161,46,102,170,154,123,92,92,123,154,161,154,146,123,84,38,30,38,38,30,23,30,53,30,51,59,42,63,63,55,31,31,47,47,31,47,31,39,39,47,39,31,23,15,0,0,23,23,15,0,23,46,30,46,69,46,46,46,38,46,53,46,38,30,23,30,34,69,139,227,241,246,239,231,254,254,254,246,246
L,150,34,71,151,207,138,130,161,169,146,130,130,115,92,46,38,53,38,15,7,0,15,30,38,79,103,94,51,68,68,42,25,25,42,69,76,51,25,17,8,25,8,8,17,0,7,23,30,15,15,46,46,23,30,46,38,30,15,15,15,23,15,7,7,15,7,82,138,193,182,218,239,194,254,246,254,255,246,246
L,211,140,114,211,154,150,153,193,220,202,158,132,123,132,123,105,52,52,44,61,61,35,35,52,88,105,88,79,88,88,88,70,70,79,34,105,30,79,15,26,35,44,52,52,44,17,26,79,88,52,70,114,52,17,26,52,88,17,17,17,0,8,17,17,17,44,61,105,132,123,123,158,193,223,246,246,237,237,255
L,188,65,16,98,162,132,135,98,123,164,180,172,167,123,147,82,24,32,41,32,0,0,32,32,32,90,90,65,57,41,32,8,8,32,57,57,23,16,30,46,38,49,41,32,8,0,8,32,32,16,32,65,65,32,65,57,59,49,32,30,32,32,8,0,0,16,16,32,98,164,205,213,237,246,231,246,246,254,254
L,93,73,98,110,165,172,105,119,170,187,195,178,169,154,93,51,34,42,34,25,25,59,59,51,85,85,68,59,34,25,34,25,59,68,59,51,38,8,59,42,31,25,17,0,0,0,0,8,0,0,34,34,25,34,25,34,25,17,17,0,34,25,17,8,8,8,34,76,161,195,212,238,255,255,255,238,246,255,255
L,105,71,23,218,209,151,200,200,210,200,183,183,192,177,52,60,70,52,8,0,17,8,17,70,87,70,52,43,35,25,17,52,87,87,70,35,25,25,30,46,53,35,25,25,8,8,17,17,25,60,70,52,70,87,78,78,44,43,70,79,105,52,60,43,43,43,60,105,175,235,253,245,253,245,227,235,253,255,255
L,198,111,71,226,187,182,181,181,198,198,172,172,174,151,144,81,72,72,62,62,62,45,72,72,98,126,98,90,108,90,72,62,62,81,108,108,46,72,72,38,34,45,45,36,26,36,81,72,36,62,81,62,36,53,53,53,53,53,45,59,36,42,38,0,26,62,72,108,153,215,226,226,217,217,226,244,253,244,253
L,114,70,35,140,132,140,88,105,132,184,184,176,177,161,44,17,26,52,26,0,8,52,52,44,88,114,88,96,79,70,52,35,44,52,61,44,17,17,44,70,46,38,44,17,26,26,44,52,35,44,70,79,61,79,96,88,88,96,79,8,70,8,7,44,44,44,61,114,184,223,246,255,231,211,202,220,246,246,246
L,85,127,119,170,161,136,136,155,204,212,195,187,180,139,76,34,34,34,25,0,25,68,59,51,93,102,76,59,59,59,42,42,68,85,76,51,34,34,59,76,59,25,25,17,25,25,34,34,34,51,76,68,51,68,76,68,59,51,42,59,59,17,17,25,25,34,68,153,111,200,238,238,239,255,255,255,255,255,255
L,170,51,51,136,187,178,153,103,170,170,153,144,136,127,102,76,42,42,34,51,68,51,34,59,68,102,102,76,68,68,59,34,34,51,76,35,85,68,68,51,51,38,25,17,8,8,34,59,59,59,34,68,85,34,17,38,25,25,17,8,8,46,8,0,0,0,8,42,107,185,231,221,194,221,229,238,254,255,254
L,96,26,96,167,149,114,96,143,158,158,167,167,167,123,105,61,52,52,52,52,35,44,61,61,96,105,96,96,69,70,46,61,70,96,96,96,70,61,61,70,61,15,35,26,26,26,35,61,52,38,69,69,38,52,61,42,44,26,26,26,26,15,0,17,17,26,52,123,169,227,215,255,193,237,237,255,255,255,255
L,154,61,46,115,146,138,107,79,166,161,200,192,169,154,123,69,38,46,46,46,23,15,61,46,46,77,69,46,42,38,38,30,25,46,61,46,30,7,0,23,46,46,30,23,0,0,23,23,15,25,42,68,17,46,69,88,46,46,38,46,53,8,38,30,23,30,38,53,198,182,197,223,237,238,255,246,248,246,255
L,138,61,53,146,177,169,138,182,114,143,184,192,192,177,107,46,46,69,61,30,0,15,46,30,46,77,69,61,69,38,31,15,70,68,77,61,30,17,15,30,38,23,15,0,0,7,23,30,15,44,70,79,61,30,61,68,30,15,15,15,23,15,7,7,15,7,38,92,154,215,241,246,246,254,226,254,254,255,253
L,151,0,16,190,207,174,166,182,191,182,198,190,174,151,111,55,71,71,71,55,15,31,55,55,63,86,77,63,61,47,42,7,8,87,31,39,23,34,15,39,31,23,15,0,7,23,39,39,23,51,76,68,51,63,69,25,55,55,17,15,23,23,23,23,39,55,86,135,139,223,218,226,217,223,202,238,255,253,246
L,161,140,68,130,154,130,193,100,132,158,177,177,177,161,123,17,26,52,38,38,7,15,46,38,38,92,69,69,63,69,53,23,59,81,69,39,38,68,30,46,53,38,23,7,0,0,15,38,38,23,38,77,53,38,46,52,38,38,30,30,38,38,23,0,23,23,38,84,193,200,226,255,237,238,255,255,237,244,238
L,150,117,218,220,162,104,123,116,170,182,185,172,180,139,116,34,34,34,46,46,11,34,58,58,81,162,71,76,92,92,32,8,87,92,104,69,58,34,58,69,58,23,11,11,11,11,58,23,11,11,58,58,23,34,26,46,23,11,11,11,11,0,0,8,11,11,34,69,132,185,246,238,246,232,229,246,246,246,243
L,55,17,108,179,165,151,68,179,210,173,200,178,153,138,69,76,42,42,55,34,41,69,55,69,96,75,42,96,55,41,34,25,82,82,75,25,48,55,62,62,41,27,13,13,20,27,27,27,20,27,41,27,41,48,65,38,27,20,27,27,20,0,6,30,27,41,82,138,212,227,229,241,248,248,237,255,246,248,248
L,154,25,100,191,209,182,183,172,198,218,195,183,175,127,109,61,52,52,54,36,18,0,17,70,87,70,94,46,63,25,17,52,36,63,76,53,54,36,27,30,54,45,36,18,0,9,18,45,45,27,36,81,63,36,25,52,46,46,38,46,36,36,9,7,9,18,36,81,93,182,218,246,245,237,255,254,254,245,255
L,105,67,157,202,187,150,181,165,132,165,183,172,181,127,97,82,24,52,34,25,25,0,72,72,98,126,88,67,67,90,72,62,52,82,96,38,67,52,45,39,45,37,45,22,22,37,60,82,75,45,60,60,15,15,78,38,30,96,15,15,22,22,30,17,45,75,105,135,165,172,210,226,240,238,255,246,255,255,255
L,176,44,17,218,132,132,88,88,204,167,172,176,149,184,140,51,34,35,8,0,17,0,52,44,88,114,90,105,114,70,52,35,35,52,61,46,23,35,62,46,79,61,44,44,17,17,26,52,44,17,35,79,61,61,79,61,52,51,52,26,52,44,35,0,8,17,17,35,88,132,184,255,202,254,220,254,237,253,253
L,147,73,98,226,196,172,136,155,170,164,184,187,178,147,123,60,70,73,62,62,62,0,59,51,93,102,68,57,49,59,42,42,24,57,76,73,38,41,27,57,57,49,24,0,0,8,23,30,15,15,90,57,49,34,57,49,41,25,24,32,41,24,16,8,15,24,41,90,155,213,237,237,237,223,254,254,246,244,246
L,151,71,23,140,187,151,153,103,158,143,198,144,136,151,127,81,72,47,26,0,8,31,34,59,68,102,52,71,71,63,59,34,39,55,76,79,58,63,45,55,41,31,31,23,0,23,39,39,23,47,63,63,39,52,47,39,31,26,31,31,31,31,0,43,39,23,23,63,111,190,231,239,246,254,254,254,246,254,248
L,198,111,71,170,149,182,135,143,166,182,177,167,167,151,135,17,26,79,25,0,25,47,61,61,96,105,96,86,86,86,61,61,63,86,96,93,63,52,15,30,54,23,7,0,7,39,15,38,38,23,79,71,39,46,47,47,39,46,31,31,31,31,6,0,31,31,55,86,135,174,190,215,254,254,246,239,239,246,254
L,176,70,35,136,146,140,105,79,114,158,185,192,169,176,123,34,34,70,34,51,68,8,61,46,46,77,69,70,79,61,30,52,0,35,61,96,35,35,15,39,45,61,61,8,0,26,44,44,35,35,70,88,61,30,70,61,23,15,52,44,70,70,9,44,35,35,52,88,140,193,218,228,237,255,254,254,211,211,220
L,182,127,191,167,177,209,200,182,191,182,200,154,154,163,118,76,42,27,52,52,35,9,46,30,46,77,69,72,72,72,54,62,81,91,81,46,54,54,30,46,79,36,23,7,0,45,72,63,27,51,76,68,51,63,45,36,27,55,18,18,36,9,30,25,18,36,63,109,136,182,210,218,227,245,220,254,254,255,254
L,173,51,23,115,207,173,122,91,132,173,184,173,183,173,163,61,52,20,46,46,23,20,55,55,63,86,71,91,81,71,51,35,30,81,91,91,61,51,51,51,51,40,11,11,11,10,40,61,51,59,34,68,85,38,51,61,46,51,40,30,20,24,35,0,10,20,20,51,91,142,184,214,224,244,254,254,254,246,244
L,196,90,71,146,154,164,131,106,114,164,198,188,172,164,147,69,38,57,61,30,0,8,46,38,38,92,92,57,67,32,24,0,8,41,65,65,41,24,24,32,57,41,13,13,20,0,0,24,24,38,69,69,38,34,65,65,30,49,32,8,32,31,24,16,16,24,24,41,73,147,237,221,237,254,254,246,238,238,246
L,169,77,35,190,123,123,107,107,123,138,130,123,138,130,100,46,46,53,71,55,15,15,58,58,81,162,127,53,114,53,38,23,30,86,61,61,53,38,38,46,38,30,23,7,0,30,53,53,46,25,42,68,17,53,61,53,52,38,38,30,30,31,23,15,30,38,61,100,154,207,231,223,246,231,246,246,246,246,254
L,202,105,82,165,210,195,172,172,180,180,187,180,172,172,112,45,30,37,38,38,7,22,37,45,75,75,102,71,49,52,30,22,30,35,75,67,52,45,15,46,45,22,15,0,0,22,45,52,37,30,52,60,37,45,52,45,45,52,37,37,37,70,22,22,37,37,52,90,172,217,240,255,254,255,255,255,239,232,220
L,42,76,170,178,136,102,110,127,153,170,180,195,178,147,42,34,59,42,46,46,11,34,51,102,93,76,96,86,71,34,17,34,59,91,65,72,25,34,30,51,34,25,0,0,8,0,25,34,34,68,68,51,68,68,47,47,39,39,31,31,59,42,34,34,34,42,93,161,204,229,255,229,237,245,238,238,211,246,254
L,177,61,38,123,154,123,92,92,123,154,195,154,136,151,84,38,30,38,38,30,23,30,53,30,61,92,69,70,69,61,46,30,30,38,61,91,46,30,51,32,38,38,30,23,7,0,7,30,23,15,46,61,38,38,70,61,61,61,52,44,69,61,30,30,30,30,53,107,177,231,254,246,227,244,254,244,254,246,238
L,130,69,169,207,184,138,130,161,169,146,183,130,167,151,46,38,53,38,15,7,0,15,30,38,77,77,69,72,61,71,38,30,46,69,75,38,30,45,38,38,45,15,7,0,7,23,38,38,23,25,42,68,17,46,45,36,27,27,18,18,15,7,7,30,38,38,84,146,192,207,223,223,231,254,254,246,238,246,238
L,71,79,182,215,182,174,190,207,198,182,174,174,169,176,111,63,86,86,71,39,15,31,47,55,86,79,71,91,63,32,31,31,47,47,47,47,53,34,39,47,39,31,23,15,23,39,72,63,27,30,52,60,37,39,47,39,39,31,23,23,23,15,0,15,15,31,63,119,174,198,223,255,239,255,254,246,239,238,223
L,119,68,102,170,170,170,161,161,161,127,102,102,154,163,76,59,8,25,34,42,42,8,25,42,51,59,42,51,68,53,42,25,25,42,51,76,52,25,17,8,25,8,8,17,8,17,40,61,51,68,68,51,68,0,25,42,25,8,0,0,0,8,8,8,8,34,68,93,144,170,195,229,195,245,238,238,255,246,255