TrainingSlot,ValidationSlot,Sensor,Min,Max,Std,Avg,
4,4,TV,5295,16456,"1,807.36","8,780.53",1
16,16,TV,6151,14442,"1,775.99","8,948.80",1
40,40,TV,5732,17361,"1,905.10","9,068.60",1
26,26,BI,6144,14483,"1,435.04","9,094.95",1
1,1,BI,6186,17052,"1,542.17","9,156.03",1
28,28,TV,5327,15931,"2,140.28","9,177.47",1
25,25,BI,6284,15367,"1,541.65","9,185.98",1
37,37,BI,5829,14350,"1,477.67","9,224.77",1
3,3,TV,6184,16332,"1,485.49","9,241.31",1
14,14,BI,6928,15981,"1,457.39","9,268.35",1
4,4,TI,5687,14403,"1,473.55","9,280.53",1
2,2,BI,6433,14728,"1,357.92","9,293.49",1
37,37,RI,6746,13962,"1,317.12","9,328.26",1
1,1,RV,6634,15129,"1,374.02","9,367.86",1
2,2,RV,6663,13084,"1,321.91","9,370.83",1
38,38,TV,6205,14448,"1,584.59","9,466.16",1
27,27,BI,6836,18592,"1,712.48","9,490.49",1
38,38,BI,6203,16254,"1,469.58","9,524.07",1
1,1,LV,6577,14662,"1,217.06","9,529.85",1
3,3,BI,6506,32444,"2,201.54","9,539.16",1
2,2,LV,6052,14407,"1,349.04","9,548.06",1
37,37,TV,7233,13920,"1,273.17","9,580.02",1
28,28,TI,5778,14908,"1,564.56","9,582.71",1
25,25,RV,6131,15934,"1,498.08","9,584.87",1
38,38,LI,5961,17975,"1,897.62","9,598.38",1
1,1,TV,5841,16140,"1,531.90","9,610.99",1
26,26,TV,6153,19078,"1,685.94","9,611.88",1
2,2,LI,6498,15576,"1,586.62","9,613.56",1
28,28,BI,5976,18446,"2,153.63","9,623.14",1
13,13,BI,6364,18888,"1,996.33","9,623.34",1
39,39,TV,6395,22933,"1,692.38","9,637.98",1
40,40,TI,6239,15239,"1,616.11","9,667.51",1
14,14,LI,5635,18520,"2,334.81","9,672.46",1
25,25,TV,6980,14981,"1,411.70","9,681.94",1
14,14,RV,6371,14810,"1,597.02","9,686.18",1
27,27,TV,6250,45505,"2,854.60","9,690.52",1
4,4,BI,6133,17624,"1,852.02","9,707.45",1
37,37,RV,6670,16929,"1,765.05","9,727.46",1
38,38,LV,5105,16240,"1,750.46","9,730.11",1
25,25,RI,6882,14844,"1,397.39","9,733.58",1
16,16,TI,6571,21106,"1,735.27","9,737.21",1
14,14,TV,5841,24984,"2,547.04","9,741.83",1
27,27,RV,6309,25622,"1,779.01","9,747.84",1
3,3,LV,7040,14512,"1,257.05","9,748.24",1
2,2,TV,6629,20450,"1,754.24","9,754.41",1
26,26,LI,6435,22453,"2,177.28","9,764.61",1
1,1,RI,6970,15177,"1,445.90","9,766.58",1
38,38,RV,6352,16037,"1,763.40","9,766.93",1
13,13,TV,5754,19477,"1,913.64","9,767.94",1
4,4,RI,6176,15719,"1,673.41","9,768.37",1
15,15,BI,6832,16424,"1,547.06","9,772.55",1
38,38,RI,6260,15881,"1,560.80","9,778.76",1
15,15,RV,6124,18079,"1,600.29","9,797.89",1
37,37,LI,5616,15714,"1,665.91","9,812.25",1
25,25,LV,6801,16346,"1,489.63","9,832.62",1
26,26,BV,6406,15116,"1,575.62","9,837.31",1
40,40,RV,5855,17227,"2,138.28","9,842.37",1
39,39,RV,6498,28911,"1,815.88","9,844.24",1
40,40,RI,6607,16842,"1,830.05","9,863.46",1
26,26,RV,6549,18311,"1,869.82","9,890.60",1
26,26,RI,6810,14766,"1,452.41","9,896.61",1
39,39,LV,6026,39498,"2,837.97","9,897.11",1
1,1,LI,7342,16771,"1,728.53","9,906.54",1
3,3,RV,7082,15249,"1,532.57","9,912.55",1
37,37,LV,6139,19611,"1,831.56","9,913.00",1
25,25,BV,6739,15084,"1,552.50","9,915.63",1
28,28,RI,6172,16891,"2,072.98","9,935.00",1
3,3,LI,6557,16604,"1,794.09","9,942.64",1
28,28,RV,6321,17290,"2,073.42","9,944.08",1
13,13,RV,7269,16880,"1,586.29","9,944.49",1
25,25,LI,6480,15227,"1,741.18","9,945.36",1
39,39,BI,6310,26769,"1,997.44","9,965.72",1
38,38,BV,6454,15392,"1,608.31","9,968.92",1
16,16,BI,6735,18461,"1,802.39","9,969.24",1
27,27,TI,6245,21032,"1,810.99","9,973.03",1
28,28,LV,6233,29446,"2,450.86","9,981.62",1
27,27,LI,6339,19118,"1,995.23","9,988.93",1
37,37,BV,6931,19600,"1,561.65","9,992.82",1
13,13,LV,6513,17675,"1,698.87","9,993.66",1
27,27,LV,6546,38287,"2,567.69","9,994.12",1
26,26,LV,6144,17560,"1,696.23","10,002.80",1
40,40,BI,6386,17664,"2,094.22","10,004.55",1
15,15,LI,6700,15504,"1,697.57","10,008.09",1
2,2,TI,6362,15815,"1,750.52","10,011.98",1
15,15,LV,7105,19771,"1,684.15","10,012.58",1
2,2,RI,7031,17208,"1,504.97","10,023.74",1
13,13,RI,6502,16884,"1,532.61","10,034.47",1
14,14,TI,7150,16867,"1,750.36","10,061.84",1
13,13,LI,6318,21106,"2,018.56","10,065.19",1
14,14,LV,6162,17647,"1,643.70","10,070.02",1
16,16,RI,6490,18420,"2,070.32","10,083.59",1
1,1,TI,6201,18453,"1,947.04","10,093.02",1
15,15,RI,6840,17217,"1,639.56","10,093.86",1
25,25,TI,7035,19023,"1,917.46","10,114.14",1
14,14,RI,6852,15043,"1,553.59","10,126.22",1
26,26,TI,7147,17146,"1,574.76","10,162.03",1
1,1,BV,7149,16510,"1,694.75","10,197.05",1
15,15,TI,6864,17210,"1,702.70","10,204.00",1
3,3,BV,6706,15501,"1,481.91","10,204.28",1
40,40,LV,6064,17019,"2,202.26","10,259.85",1
4,4,LV,6883,21480,"2,392.69","10,268.55",1
27,27,RI,7322,19264,"1,628.88","10,272.29",1
27,27,BV,7110,19234,"1,621.37","10,295.69",1
4,4,LI,7176,14436,"1,346.89","10,306.74",1
37,37,TI,6733,16928,"1,825.29","10,321.29",1
15,15,TV,5201,33866,"3,340.59","10,324.54",1
14,14,BV,6972,16178,"1,577.67","10,350.62",1
38,38,TI,6439,20525,"2,073.09","10,379.73",1
39,39,BV,6710,17418,"1,526.76","10,389.49",1
3,3,TI,6470,20570,"2,410.41","10,415.24",1
39,39,LI,6497,35935,"2,589.10","10,434.67",1
26,25,LI,6629,17123,"1,936.40","10,435.20",
2,2,BV,7361,27748,"1,958.18","10,450.90",1
39,39,RI,7111,34409,"2,196.48","10,480.32",1
15,15,BV,6768,15619,"1,658.14","10,525.71",1
13,13,TI,6273,25238,"2,311.66","10,532.91",1
28,28,BV,6548,17534,"2,432.43","10,551.92",1
16,16,LV,6423,18674,"2,279.03","10,587.57",1
28,28,LI,6201,15975,"1,679.10","10,604.07",1
4,4,RV,6956,21343,"2,579.87","10,613.87",1
3,3,RI,6708,50622,"2,998.26","10,626.09",1
39,39,TI,6709,25827,"2,478.54","10,814.57",1
16,16,RV,6678,16836,"2,124.17","10,828.13",1
14,13,LI,6912,21778,"2,290.50","10,858.34",
13,13,BV,7190,20205,"2,047.36","10,886.18",1
16,16,LI,6781,17825,"1,978.67","10,918.62",1
40,40,BV,6176,17533,"2,099.57","10,921.92",1
40,40,LI,7487,30406,"2,187.35","10,955.61",1
2,1,LI,7638,20363,"2,242.90","11,171.81",
26,25,TV,7733,15285,"1,491.93","11,226.17",
27,28,BV,6987,18014,"2,266.31","11,297.46",
2,1,TI,5927,18080,"2,332.60","11,318.23",
38,37,LI,7198,22568,"2,733.41","11,367.28",
15,16,RV,6787,21593,"2,213.12","11,396.30",
39,40,BV,6713,21052,"2,181.28","11,425.35",
38,37,TV,8066,16934,"1,603.23","11,437.98",
16,16,BV,7491,21107,"2,275.77","11,465.96",1
14,13,TV,6197,18709,"2,160.55","11,608.72",
26,25,TI,8183,19948,"2,460.09","11,667.80",
14,13,TI,7779,21972,"2,850.94","11,668.46",
28,27,TV,8191,36257,"2,169.08","11,701.16",
39,40,TV,7686,18486,"1,952.43","11,817.47",
4,4,BV,6979,23734,"2,577.17","11,902.59",1
14,13,LV,8029,17682,"1,929.90","12,032.12",
26,27,LI,6952,18342,"2,359.40","12,239.02",
2,1,TV,7429,25055,"2,501.27","12,313.82",
4,3,TV,8361,33382,"2,996.19","12,324.10",
26,25,RV,8720,17547,"1,667.46","12,343.07",
38,37,RV,7617,23484,"2,596.68","12,427.70",
40,39,TV,7664,27711,"2,855.52","12,467.56",
2,1,LV,8417,15893,"1,412.29","12,572.94",
38,37,TI,7535,19618,"2,651.33","12,575.51",
26,27,RV,8944,21149,"2,121.24","12,608.85",
38,37,LV,7241,25041,"2,612.18","12,622.16",
15,16,LV,8405,23358,"2,203.16","12,627.47",
15,13,BV,8335,17500,"1,720.92","12,645.91",
38,39,RV,7696,33823,"3,102.97","12,750.48",
3,4,RV,7925,22505,"2,328.10","12,774.13",
26,27,BI,8611,20470,"2,291.31","12,911.31",
2,1,RV,9607,19827,"1,744.28","13,039.40",
14,13,BV,8173,21349,"2,213.08","13,073.31",
3,1,BV,8792,19095,"1,902.88","13,091.73",
2,1,BV,8732,18945,"1,848.15","13,118.02",
15,14,BV,8156,23633,"2,335.81","13,151.29",
26,25,BV,7868,18996,"1,921.29","13,195.13",
40,39,TI,7519,22057,"2,840.95","13,332.53",
26,28,BV,8934,20547,"2,138.98","13,361.97",
4,3,TI,8282,22516,"2,319.32","13,457.99",
27,28,TV,8150,23113,"2,333.37","13,484.58",
2,3,BV,8621,21773,"2,073.31","13,490.87",
28,27,TI,9353,20146,"1,996.06","13,495.52",
4,3,LV,8987,21839,"1,869.17","13,496.29",
14,15,LI,7873,21320,"2,801.07","13,615.12",
37,40,BV,10154,19979,"1,771.93","13,670.48",
2,3,TI,7900,20696,"2,715.93","13,673.95",
38,40,BV,10195,21525,"1,719.58","13,684.74",
16,15,TI,8629,24650,"2,669.35","13,695.61",
1,3,BV,9837,21402,"2,076.41","13,704.82",
16,15,LI,7945,26177,"3,343.99","13,708.06",
38,37,BV,8675,21528,"2,032.94","13,716.17",
15,13,TV,9320,25050,"2,338.81","13,814.67",
4,3,LI,8412,20951,"2,195.43","13,878.42",
14,13,RV,9809,22727,"2,089.26","13,885.91",
3,2,BV,9106,25905,"2,175.09","13,888.64",
16,15,TV,7673,42676,"4,800.73","14,074.76",
13,14,BV,8809,24990,"2,563.81","14,182.13",
3,4,LV,9229,24234,"2,504.34","14,196.07",
26,27,BV,9811,21083,"1,914.14","14,200.07",
1,2,BV,9825,27718,"2,248.32","14,209.05",
16,13,TV,9635,25223,"2,129.48","14,216.84",
37,38,TV,10010,20691,"2,355.44","14,251.99",
16,14,TV,9295,37712,"3,642.18","14,337.30",
25,26,TV,9757,21666,"2,305.53","14,428.43",
25,26,BV,10124,19935,"1,928.66","14,442.20",
37,38,BV,10035,21466,"2,041.31","14,453.30",
39,37,RV,9602,22342,"2,483.34","14,480.65",
13,14,TV,8259,47289,"4,112.20","14,527.96",
25,27,RV,8780,25998,"2,913.22","14,536.71",
26,25,LV,8646,30364,"3,330.03","14,536.79",
37,38,LV,9442,25704,"2,594.13","14,725.91",
28,27,LI,8171,21920,"2,727.58","14,727.29",
2,1,RI,10625,20879,"1,855.03","14,748.76",
28,27,RV,9107,27182,"2,985.77","14,797.92",
2,3,BI,9378,35550,"2,544.81","14,801.47",
28,25,RV,9584,23088,"2,405.76","14,808.99",
4,1,TI,8170,20997,"2,475.47","14,826.52",
25,26,RV,10177,24384,"2,490.59","14,829.57",
13,15,BV,8658,23689,"2,757.02","14,838.24",
2,3,LI,8718,23287,"2,698.71","14,857.66",
2,3,RI,9636,40694,"2,969.47","14,863.72",
38,39,BI,9631,44186,"3,005.55","14,869.65",
4,1,BV,10062,22766,"2,362.49","14,887.27",
2,4,BV,9580,21062,"2,332.34","14,909.34",
14,15,BV,8967,22866,"2,835.04","14,917.71",
16,13,LI,9210,29510,"2,913.64","14,938.09",
40,39,LI,9767,33702,"2,570.62","14,957.14",
15,14,TV,9039,30265,"3,359.09","14,958.39",
26,27,TI,10682,20068,"1,896.52","15,110.24",
26,28,RV,7362,27878,"3,440.29","15,126.05",
38,39,TI,8680,24295,"3,058.05","15,170.09",
27,25,RV,8723,26608,"2,677.13","15,171.53",
37,39,RV,7988,30902,"3,370.30","15,244.13",
13,14,LV,9432,24411,"2,763.84","15,311.75",
26,25,BI,9870,21781,"2,083.61","15,315.52",
28,27,BV,10420,27349,"2,153.24","15,330.14",
39,38,RV,9915,28698,"3,273.21","15,361.79",
15,16,BV,10027,25026,"3,105.97","15,363.28",
26,27,RI,10489,21886,"2,194.18","15,429.69",
40,37,TI,8580,24607,"2,612.19","15,433.39",
28,25,TI,11076,20707,"2,080.94","15,485.16",
38,39,BV,11040,20276,"1,703.11","15,631.81",
28,25,LI,9430,22892,"2,454.67","15,655.51",
37,39,BV,9406,22307,"2,046.28","15,704.79",
14,15,RI,9902,23998,"2,252.66","15,747.30",
14,16,BV,9856,25855,"2,750.38","15,749.64",
3,4,BV,9220,23345,"2,439.50","15,780.90",
37,38,RV,9839,29637,"3,341.23","15,804.76",
1,4,BV,9158,22903,"2,800.01","15,811.50",
1,2,TV,10378,25348,"2,852.64","15,864.54",
25,28,BV,10266,25926,"2,564.10","15,899.77",
27,26,RV,10356,23909,"2,782.40","15,953.51",
4,1,LI,12040,22564,"2,172.14","15,972.51",
38,40,BI,11169,24047,"2,378.05","16,117.81",
16,15,LV,10854,28929,"3,418.63","16,133.73",
2,3,TV,9320,31330,"3,250.60","16,154.33",
4,1,TV,10120,29701,"2,625.88","16,173.62",
14,16,RV,10180,22775,"2,009.38","16,201.12",
14,15,RV,11533,20443,"1,782.68","16,231.08",
4,2,BV,11052,28890,"2,807.92","16,232.24",
38,39,LI,10009,25087,"3,091.03","16,250.78",
38,37,RI,10822,25233,"2,731.37","16,278.86",
15,13,LI,9950,27744,"2,876.99","16,316.11",
13,16,RV,11543,22907,"1,952.90","16,347.38",
40,39,BV,10144,22986,"2,322.17","16,368.89",
26,25,RI,11896,21834,"1,897.96","16,385.87",
14,15,BI,9454,26901,"3,381.94","16,401.94",
26,28,LI,8457,22780,"2,538.25","16,537.82",
38,39,LV,10017,45117,"5,186.20","16,572.96",
15,16,TV,9748,28108,"3,815.56","16,648.55",
26,28,RI,13142,21209,"1,698.87","16,659.83",
1,2,LV,10553,24661,"2,843.71","16,671.77",
1,2,RV,11608,26698,"2,469.84","16,701.60",
4,3,BV,11559,24954,"2,763.54","16,723.39",
16,14,BV,10772,29416,"2,996.03","16,758.35",
16,15,RV,11698,25741,"2,648.53","16,788.95",
4,3,RV,10591,26815,"2,481.16","16,792.18",
13,14,RV,10825,24759,"2,419.86","16,866.27",
39,40,LV,9069,33039,"3,937.74","16,868.16",
14,13,BI,11864,25715,"2,399.64","16,881.80",
28,26,RV,11636,36507,"3,373.58","16,941.35",
28,27,LV,10323,52350,"5,308.32","17,014.36",
14,16,RI,11167,27419,"2,456.75","17,047.09",
38,40,LV,11220,28437,"2,887.31","17,053.54",
27,25,LI,9944,25363,"2,728.04","17,061.17",
3,4,TV,10116,32886,"3,849.14","17,064.94",
28,27,BI,12357,23101,"1,778.00","17,082.97",
16,13,BV,9254,28240,"3,134.78","17,110.79",
38,39,RI,11357,39132,"3,239.75","17,167.32",
25,26,LV,11174,26156,"2,965.42","17,181.67",
26,1,LI,10000,25810,"3,274.50","17,249.05",
3,1,RI,11932,22533,"1,885.13","17,264.26",
4,2,TV,11527,23734,"2,718.26","17,303.90",
37,39,LV,9188,52541,"5,844.14","17,345.96",
2,4,BI,13175,25292,"2,247.02","17,385.80",
14,15,TV,8988,50582,"5,710.41","17,426.24",
25,27,BV,11794,23820,"2,272.56","17,458.12",
40,39,LV,10470,50746,"5,929.80","17,514.99",
25,27,BI,13298,30523,"2,309.07","17,516.24",
3,28,BV,13478,23234,"1,633.89","17,538.91",
16,15,BV,10184,28484,"3,499.23","17,546.56",
27,28,RV,9524,29186,"3,855.86","17,560.66",
15,40,BV,13302,23563,"2,019.38","17,603.85",
3,27,BV,9047,21505,"1,582.92","17,612.68",
14,13,RI,10368,26755,"2,466.81","17,621.45",
2,4,TV,10810,28801,"3,532.93","17,633.02",
1,3,TV,12252,26491,"2,421.03","17,636.61",
2,4,TI,7892,24926,"2,994.13","17,699.67",
39,38,LV,10498,31813,"4,421.32","17,705.75",
3,1,TI,9740,28574,"2,971.33","17,787.29",
14,16,TV,9369,29565,"3,670.25","17,800.76",
37,39,TI,9346,33524,"3,778.90","17,823.54",
39,38,BV,12509,25556,"2,293.20","17,836.05",
16,13,TI,12000,29218,"2,482.11","17,868.42",
40,39,RV,9593,33146,"3,627.02","17,868.52",
25,27,LI,10358,35139,"3,931.19","17,901.45",
27,26,BV,12341,24412,"2,249.47","17,902.04",
38,37,BI,11899,24777,"2,036.27","17,924.94",
1,3,LI,10029,29053,"3,540.41","17,927.45",
27,28,LV,9191,32798,"4,750.00","17,946.71",
39,37,LV,9173,32642,"4,655.18","17,954.26",
13,16,BV,10494,28494,"3,462.98","17,966.76",
40,39,RI,11732,31973,"2,463.77","17,974.51",
38,40,RV,9645,29864,"3,625.81","17,998.17",
26,1,BI,12869,27011,"2,601.68","18,040.49",
14,16,LI,10402,45544,"3,451.70","18,058.73",
1,3,TI,10198,31893,"3,361.91","18,062.16",
38,40,TI,12086,42845,"3,207.88","18,067.09",
26,13,LI,11893,28461,"3,054.69","18,074.82",
40,38,LV,12179,36840,"3,333.12","18,075.04",
13,15,RV,12777,25077,"2,247.94","18,086.33",
14,40,BV,12529,23609,"2,103.84","18,101.13",
15,39,BV,13664,23093,"1,543.45","18,139.18",
4,3,BI,12119,38133,"2,439.67","18,185.30",
25,27,TI,12460,27249,"3,041.30","18,227.14",
14,15,TI,10270,27730,"3,940.83","18,270.03",
2,4,RI,11721,24423,"2,044.59","18,298.07",
13,2,BV,13540,31527,"2,232.13","18,298.67",
40,37,LI,13296,26154,"2,200.10","18,308.47",
14,16,BI,12291,29014,"2,505.63","18,335.98",
40,37,LV,12179,32323,"2,891.63","18,355.15",
2,1,BI,13523,27601,"2,496.72","18,374.12",
2,25,LI,10208,32700,"4,257.80","18,380.73",
1,3,RI,11915,50876,"3,318.13","18,394.08",
13,15,TV,9042,51086,"6,753.42","18,396.04",
13,3,BV,14212,24145,"1,893.59","18,439.35",
39,37,BV,12986,27795,"2,480.32","18,451.56",
40,39,BI,13461,57982,"3,525.54","18,458.17",
4,3,RI,13755,48396,"2,657.13","18,492.53",
3,40,BV,12834,26374,"2,179.45","18,537.11",
16,15,BI,13000,25521,"2,545.16","18,538.67",
13,28,BV,13677,24758,"1,814.57","18,617.63",
39,37,TI,11151,25779,"3,158.21","18,650.93",
1,4,TV,11591,30886,"3,703.36","18,659.80",
27,25,BV,12028,27138,"2,310.52","18,668.18",
3,1,LI,12290,30394,"2,911.55","18,683.39",
14,28,BV,14921,24450,"1,793.56","18,773.40",
39,40,BI,11641,42330,"4,015.33","18,779.21",
15,28,BV,13163,28109,"2,099.97","18,788.76",
27,25,BI,12666,25289,"2,674.97","18,790.82",
15,16,RI,12784,41129,"3,730.46","18,863.00",
14,38,BV,14268,25444,"2,159.56","18,881.24",
40,37,RV,12571,32735,"3,393.88","18,896.64",
25,28,RV,9639,29566,"4,617.06","18,936.26",
26,28,TI,12559,27532,"2,981.77","18,948.80",
14,39,BV,14233,24013,"1,789.54","18,969.44",
38,25,LI,11256,34180,"4,065.21","18,978.63",
2,13,LI,12421,34092,"3,353.40","18,990.16",
39,37,RI,14216,28494,"2,493.55","19,005.62",
26,28,BI,13119,25772,"2,206.09","19,033.24",
14,37,BV,14207,23724,"1,846.18","19,126.20",
40,38,RV,11664,33361,"3,791.27","19,136.68",
26,3,LI,12181,29790,"3,967.87","19,156.18",
14,3,BV,14671,26661,"2,023.77","19,190.04",
13,1,BV,13835,26778,"2,195.43","19,196.70",
1,40,BV,14830,26398,"2,004.22","19,198.47",
15,2,BV,14606,27315,"2,085.93","19,236.94",
15,16,TI,12392,58129,"3,797.91","19,269.17",
15,13,BI,14524,27072,"1,678.78","19,321.29",
27,25,TI,13462,31141,"3,720.00","19,330.26",
39,40,RV,11506,34819,"4,030.61","19,336.22",
26,15,LI,13294,29052,"2,952.75","19,378.00",
2,27,LI,9494,32804,"4,785.69","19,388.18",
2,3,RV,14227,24304,"2,086.94","19,394.87",
3,39,BV,14383,24811,"2,100.61","19,415.02",
26,3,TI,9972,34002,"4,736.79","19,420.04",
38,13,LI,11187,32592,"3,811.11","19,521.83",
14,2,BV,14159,29173,"2,336.88","19,528.03",
2,27,BV,10071,26025,"2,167.64","19,540.70",
38,40,RI,13441,29447,"2,214.93","19,541.14",
28,27,RI,14316,26630,"2,147.08","19,594.36",
4,2,TI,13096,27716,"2,893.90","19,597.93",
15,3,BV,14920,24414,"1,912.44","19,619.24",
38,27,BI,13627,26280,"2,463.02","19,706.85",
37,39,LI,11319,35875,"4,265.01","19,741.94",
38,27,LI,12657,30416,"3,594.41","19,767.35",
2,4,LI,10713,29597,"3,592.54","19,779.75",
13,4,BV,14327,27153,"2,496.25","19,782.32",
27,28,TI,12473,31129,"3,073.08","19,824.16",
13,40,BV,14338,24832,"2,058.25","19,840.13",
26,39,BI,14109,36040,"2,662.74","19,854.18",
2,25,TI,11583,31912,"4,317.92","20,071.93",
15,27,BV,15688,26579,"1,719.57","20,072.12",
26,3,BI,12785,40568,"3,641.27","20,075.73",
3,38,BV,14976,27416,"2,278.76","20,087.65",
2,25,RI,14615,28729,"3,174.60","20,118.04",
2,4,RV,15124,27509,"2,283.48","20,124.72",
13,27,BV,15795,26961,"1,593.66","20,170.57",
15,13,TI,13094,32323,"3,571.79","20,178.85",
26,1,TI,10514,31432,"5,031.41","20,182.86",
14,1,TI,12195,31034,"4,066.04","20,201.62",
16,15,RI,13907,28046,"2,457.93","20,207.94",
4,40,BV,14433,33201,"2,788.83","20,211.71",
13,15,LI,11253,43849,"4,887.20","20,268.19",
15,1,BV,15476,30176,"2,173.49","20,290.56",
3,4,BI,13806,41081,"3,471.84","20,297.62",
4,39,BV,14937,26516,"1,974.07","20,307.28",
38,15,LI,10709,33105,"4,785.55","20,314.48",
3,37,BV,12886,28002,"2,608.81","20,395.09",
40,38,TI,13419,32019,"3,161.50","20,429.19",
26,3,RI,12933,34830,"3,859.25","20,487.00",
16,40,BV,15108,26818,"2,333.99","20,497.62",
28,13,LI,10709,34112,"3,868.10","20,513.03",
3,26,BV,15328,26459,"1,824.39","20,514.94",
14,1,BV,13620,25606,"2,158.05","20,558.17",
26,15,RI,15264,27367,"2,484.90","20,564.96",
14,1,BI,15501,28688,"2,578.23","20,568.48",
3,4,RI,15763,34296,"2,701.00","20,578.32",
28,25,RI,15431,25436,"1,990.20","20,601.66",
37,39,BI,14798,80216,"4,495.63","20,612.17",
15,16,BI,14861,35059,"3,072.31","20,615.72",
1,39,BV,16003,25316,"1,833.44","20,618.25",
4,1,BI,15526,27241,"2,253.07","20,619.39",
26,27,LV,11510,36957,"4,295.92","20,651.07",
13,39,BV,16742,26961,"1,800.56","20,661.44",
38,40,LI,11442,51640,"3,857.82","20,663.04",
16,39,BV,16040,25986,"1,673.86","20,727.88",
3,4,LI,14323,32783,"3,165.72","20,769.62",
13,16,TV,12830,30401,"3,767.89","20,778.35",
13,15,BI,11557,30579,"3,372.95","20,791.51",
15,4,BV,13945,26427,"2,473.15","20,826.09",
1,28,BV,14933,30496,"2,601.38","20,866.80",
2,37,TI,13322,31390,"3,656.79","20,876.19",
2,15,LI,13528,30782,"3,520.31","20,879.62",
38,15,RI,15254,30776,"3,353.20","20,900.22",
37,38,LI,13244,38052,"3,634.73","20,912.21",
39,38,BI,12603,29911,"3,364.50","20,938.87",
4,37,TI,12042,32317,"3,800.81","20,955.69",
15,38,BV,16191,29096,"2,094.04","20,964.70",
14,27,BV,16436,26543,"1,579.94","20,982.11",
1,3,BI,16276,37669,"2,759.60","21,004.76",
27,1,BV,15178,33809,"2,374.01","21,020.78",
39,40,TI,12384,60726,"5,364.15","21,027.31",
27,28,RI,15466,35734,"2,540.13","21,028.07",
27,28,BI,15860,35646,"3,104.02","21,053.07",
38,13,RI,13724,32906,"3,135.17","21,084.20",
15,14,BI,14084,37290,"3,874.18","21,095.58",
26,37,BI,15704,28993,"2,496.59","21,104.54",
27,3,BV,15416,28577,"2,129.76","21,106.67",
27,2,BV,14609,32287,"2,672.73","21,113.00",
3,25,BV,16411,26759,"1,770.16","21,115.12",
28,15,LI,14730,31521,"3,249.23","21,125.60",
25,1,BI,15307,29322,"2,541.65","21,175.29",
2,28,BV,16485,26240,"1,789.21","21,190.27",
15,14,RI,14796,29176,"2,878.08","21,226.54",
13,26,BV,16579,27250,"2,049.98","21,233.58",
37,38,TI,12477,32536,"3,772.83","21,254.09",
1,27,BV,12200,30418,"2,885.80","21,255.63",
13,15,TI,11956,36152,"4,452.89","21,281.80",
2,26,BV,17165,26641,"1,836.34","21,300.87",
15,16,LI,12689,65038,"5,924.17","21,306.59",
15,26,BV,16039,27514,"2,244.03","21,320.67",
4,28,BV,16797,28275,"2,382.36","21,355.24",
13,38,BV,16286,28680,"2,135.50","21,373.47",
2,39,TI,15054,29482,"3,065.86","21,382.11",
3,2,BI,13569,34727,"4,080.35","21,400.78",
3,4,TI,11469,33068,"4,359.86","21,401.93",
26,37,TI,11860,32894,"3,728.78","21,406.68",
16,14,LI,13460,37652,"4,431.47","21,419.26",
39,40,LI,14361,53351,"4,091.12","21,478.60",
28,26,LI,13979,34078,"3,811.32","21,482.30",
14,37,TI,10292,32177,"4,294.98","21,514.52",
2,27,RI,14339,32898,"3,098.88","21,514.69",
2,40,BV,16417,28272,"2,154.66","21,527.19",
28,25,BV,15576,29662,"2,560.51","21,532.20",
4,25,TI,12232,31723,"4,602.10","21,536.37",
28,26,TI,15538,33182,"2,979.14","21,539.11",
4,39,TI,14941,31799,"3,305.01","21,549.06",
16,28,BV,14866,28820,"2,038.16","21,552.15",
14,26,BV,16986,29991,"2,230.25","21,563.35",
2,27,TI,10776,29733,"3,744.37","21,577.26",
40,38,BI,15830,28863,"2,519.85","21,583.15",
14,3,BI,15286,29299,"2,423.63","21,591.24",
4,2,LI,16544,28104,"2,481.29","21,622.64",
39,40,RI,14911,40582,"3,600.61","21,662.31",
16,2,BV,16562,28816,"2,367.02","21,666.20",
15,39,BI,15521,34482,"2,992.55","21,681.86",
38,16,RV,14169,31398,"2,612.33","21,711.19",
28,26,BI,15986,30345,"2,695.05","21,712.78",
28,3,TI,10483,38301,"5,059.83","21,756.71",
25,27,LV,15809,50517,"3,518.52","21,759.48",
16,14,BI,15731,31350,"2,990.38","21,818.08",
37,39,RI,13095,38388,"3,213.36","21,845.95",
14,3,RI,14412,56569,"3,989.68","21,846.16",
16,3,BV,16802,29709,"2,450.97","21,854.18",
1,38,BV,16757,29568,"2,235.23","21,857.85",
14,39,TI,11517,33446,"5,151.78","21,864.64",
4,27,BV,15655,29592,"2,317.28","21,876.10",
38,3,BI,15817,56946,"3,641.21","21,878.13",
27,26,RI,14987,35697,"3,533.01","21,882.64",
14,3,TI,13134,33009,"4,188.55","21,892.43",
27,26,BI,15634,34674,"3,513.93","21,898.70",
4,27,TI,12321,29835,"3,619.15","21,912.26",
28,26,BV,16024,29974,"2,603.22","21,951.48",
26,3,BV,16351,32072,"2,463.01","21,964.20",
37,40,LV,14572,30120,"3,263.93","21,974.90",
27,28,LI,13060,32617,"3,709.20","22,006.12",
26,1,BV,13529,36792,"3,106.13","22,008.67",
38,2,BV,17126,31469,"2,185.91","22,034.22",
14,16,TI,13523,41880,"3,526.74","22,041.33",
28,1,TI,13143,34195,"4,847.11","22,073.81",
14,1,RI,12660,30005,"3,226.07","22,075.33",
1,4,RV,15314,30542,"2,677.32","22,076.72",
16,37,TV,17721,31007,"2,300.14","22,166.34",
2,15,RI,15546,29531,"2,252.49","22,196.32",
38,1,BV,16000,35513,"2,586.63","22,210.10",
14,4,BV,16861,28719,"2,034.04","22,230.12",
40,38,RI,15839,28959,"2,588.45","22,232.39",
38,25,RI,15261,29600,"2,591.09","22,267.39",
1,2,LI,14833,35175,"3,679.21","22,268.22",
2,13,RI,16936,31063,"2,723.34","22,275.74",
16,1,TV,16875,33038,"2,513.48","22,277.20",
1,2,TI,12760,32682,"4,293.67","22,298.54",
39,37,LI,14535,30993,"3,736.38","22,305.33",
15,37,BV,16641,27084,"2,016.43","22,311.39",
25,28,LV,14319,32129,"3,291.39","22,324.99",
15,25,BV,16806,30405,"2,433.51","22,375.74",
2,25,BV,18896,28650,"1,980.29","22,405.14",
26,39,TI,14281,32066,"3,911.25","22,434.67",
16,27,BV,17102,29631,"1,879.73","22,458.74",
16,40,BI,18458,28493,"1,894.74","22,460.64",
37,3,BV,18063,29598,"2,303.47","22,463.00",
27,25,RI,12735,32067,"3,611.20","22,463.18",
39,38,RI,13434,44998,"4,166.55","22,503.42",
1,25,RI,14105,33690,"3,878.19","22,505.78",
2,27,BI,10915,32974,"3,686.02","22,537.64",
1,37,BV,15480,28550,"2,493.38","22,544.71",
14,39,BI,14096,36009,"3,971.82","22,552.14",
4,26,BV,15902,30175,"2,918.25","22,556.99",
4,2,RI,16824,30332,"2,601.83","22,564.04",
38,27,RI,14940,29616,"2,814.93","22,569.90",
4,28,RI,15940,30633,"2,912.05","22,597.40",
26,13,RI,17189,31368,"2,391.11","22,603.30",
25,28,TI,15340,36433,"3,733.84","22,636.60",
27,4,BV,16954,28935,"2,355.80","22,641.76",
16,38,BV,17066,29704,"2,583.27","22,658.40",
16,3,TV,16869,33394,"2,556.57","22,666.98",
28,25,BI,17746,30983,"2,285.54","22,681.38",
2,39,BI,15364,36302,"2,988.36","22,708.40",
13,37,BV,15314,28543,"2,165.80","22,720.69",
25,26,TI,15511,34913,"3,448.21","22,726.56",
2,38,BV,17620,30526,"2,442.63","22,781.15",
3,27,RI,9077,30110,"2,746.96","22,799.50",
4,2,BI,15024,31489,"3,097.37","22,804.78",
14,37,BI,13234,32240,"3,119.53","22,832.71",
26,4,RI,15523,28476,"2,488.44","22,840.29",
25,27,RI,16413,30132,"2,772.25","22,849.19",
1,26,BV,17942,30783,"2,488.44","22,864.20",
2,39,BV,15182,29517,"1,891.49","22,866.80",
16,1,BV,17409,34271,"2,924.25","22,870.03",
28,1,LI,12716,35135,"4,781.62","22,928.91",
13,14,TI,15133,35279,"3,676.37","22,930.33",
38,25,BI,15344,29874,"2,498.23","22,947.17",
4,27,LI,9479,33759,"3,975.51","22,969.77",
4,25,LI,14816,36037,"4,043.26","22,973.38",
38,1,LI,12945,32406,"3,909.78","22,996.35",
1,3,RV,15991,28222,"2,489.79","23,023.79",
3,2,RI,15321,37643,"3,973.54","23,036.89",
14,1,TV,16027,40851,"3,151.33","23,042.50",
40,37,BV,16037,35529,"3,046.69","23,076.16",
40,37,RI,18448,31584,"2,043.47","23,086.91",
4,1,RI,18490,29148,"2,171.43","23,089.01",
26,27,TV,15339,31546,"2,820.16","23,106.62",
38,1,BI,17354,35885,"3,473.01","23,121.44",
39,15,RI,16537,31787,"2,504.87","23,162.91",
16,38,TV,16496,33038,"3,020.54","23,177.12",
15,14,RV,15697,33200,"2,971.55","23,183.11",
40,37,BI,16249,31748,"2,256.47","23,184.79",
28,26,RI,16924,35271,"2,415.75","23,202.46",
38,3,BV,17060,33413,"2,828.22","23,228.67",
3,2,TV,12763,36598,"3,866.70","23,235.27",
3,1,TV,15742,33894,"3,224.11","23,300.69",
26,2,BI,13689,33724,"4,228.91","23,307.58",
26,2,BV,18267,42150,"3,229.61","23,319.36",
1,4,TI,14129,36325,"3,982.96","23,323.85",
4,38,BV,16458,36087,"3,200.20","23,330.19",
37,2,BV,17537,32211,"2,854.71","23,334.03",
26,4,BV,16444,34554,"3,373.71","23,340.96",
13,14,LI,11575,41985,"5,637.53","23,392.49",
13,25,BV,16378,29928,"2,261.67","23,423.15",
4,13,LI,13914,34448,"3,997.11","23,444.38",
16,13,RI,15402,29684,"2,667.21","23,445.86",
38,14,RV,15439,31946,"2,416.98","23,484.42",
14,25,RI,16895,37166,"3,973.08","23,494.12",
38,15,RV,17679,32455,"2,313.75","23,504.24",
26,28,LV,12936,36974,"4,675.13","23,578.69",
4,37,BV,16529,30102,"2,461.50","23,591.27",
1,25,BV,18202,30217,"2,022.79","23,614.54",
3,1,BI,15503,32925,"3,422.29","23,615.20",
25,13,LI,12959,43809,"5,823.59","23,654.84",
4,25,BV,17407,31955,"2,619.91","23,711.98",
37,40,RV,13366,43855,"5,693.73","23,725.44",
16,14,RI,16433,32964,"2,900.69","23,771.98",
38,1,TI,15446,43518,"4,917.93","23,783.70",
14,25,BV,17116,30986,"2,460.86","23,794.67",
26,14,RI,16363,32338,"3,077.59","23,847.03",
26,2,LI,11897,37551,"5,242.36","23,848.12",
26,38,BI,17085,31458,"2,677.68","23,859.79",
16,37,BV,18170,29158,"2,265.75","23,870.29",
4,39,TV,17665,32831,"2,271.44","23,895.61",
25,3,BI,17938,60875,"3,522.77","24,026.51",
1,27,RI,16847,33130,"3,421.47","24,038.96",
14,27,RI,15695,33353,"3,157.74","24,039.85",
4,15,LI,15724,38752,"3,751.40","24,041.53",
25,28,LI,15515,35480,"3,156.27","24,055.86",
14,2,BI,15847,32783,"3,232.19","24,081.38",
25,27,TV,15905,34017,"3,480.09","24,136.01",
40,38,BV,16169,32532,"2,856.22","24,145.93",
38,14,RI,16279,34383,"3,238.44","24,157.40",
27,3,BI,17895,52823,"3,425.57","24,173.76",
25,1,TI,12171,37048,"5,491.92","24,211.42",
2,37,BV,15591,30942,"2,728.67","24,239.70",
37,40,TI,15168,62324,"4,922.80","24,250.17",
2,26,RI,15192,36881,"4,238.37","24,271.65",
16,4,BV,16848,34745,"2,907.98","24,293.43",
26,2,RI,13784,34326,"4,225.74","24,308.03",
25,26,LI,11843,40569,"5,578.33","24,312.20",
1,25,LI,10203,42936,"6,134.31","24,333.86",
38,3,LI,13574,36083,"4,565.94","24,338.73",
14,25,TI,14731,33039,"4,173.45","24,357.56",
40,16,RI,20467,29023,"1,758.17","24,358.34",
28,3,LI,13049,36262,"5,501.97","24,362.20",
16,39,BI,20718,33717,"1,659.47","24,362.69",
37,40,BI,16741,40002,"3,372.08","24,447.29",
27,26,LV,15443,40697,"3,953.40","24,448.27",
1,25,TI,12962,38583,"5,324.97","24,451.65",
16,2,TV,17174,32772,"2,916.27","24,452.73",
28,1,BI,18975,33575,"2,214.17","24,472.74",
37,15,RI,18033,33922,"2,830.75","24,473.95",
2,37,BI,15760,32150,"3,249.36","24,502.61",
38,16,RI,18422,32421,"2,870.63","24,513.77",
25,3,BV,16368,36234,"2,607.35","24,524.70",
16,26,BV,17197,35273,"3,334.10","24,527.85",
4,25,RI,17996,30895,"2,271.67","24,540.42",
28,4,BI,16119,33109,"3,282.08","24,568.73",
37,1,BV,17379,33836,"3,133.02","24,576.06",
14,27,RV,19632,29864,"1,948.66","24,589.89",
4,27,RI,15419,30099,"2,143.57","24,622.88",
4,40,TI,17144,37009,"3,498.09","24,676.03",
38,39,TV,17876,32763,"2,856.41","24,699.31",
13,15,RI,16634,36493,"3,349.33","24,719.18",
25,15,LI,15327,36779,"4,835.69","24,725.45",
16,14,TI,17751,38079,"3,782.08","24,755.05",
25,3,LI,14443,39534,"5,578.39","24,762.90",
14,38,BI,14358,35169,"3,692.95","24,773.95",
28,25,TV,18445,31661,"2,588.86","24,778.24",
2,14,RI,17426,31354,"2,616.80","24,778.58",
40,38,LI,18654,38026,"3,826.79","24,811.71",
2,27,RV,16078,37241,"3,138.62","24,824.37",
14,26,RV,19676,30958,"2,216.30","24,876.93",
26,4,LI,15775,31772,"3,354.32","24,881.88",
40,15,RI,19741,30256,"1,848.07","24,882.74",
40,13,LI,15087,44482,"6,135.38","24,928.83",
38,27,RV,18493,31820,"2,585.07","24,929.12",
25,1,LI,11357,37209,"4,996.09","24,929.63",
1,37,TI,12970,42785,"5,804.92","24,942.20",
28,3,BI,17933,50355,"2,837.13","24,944.92",
16,13,BI,17591,36081,"2,309.52","24,959.38",
27,26,LI,14105,48022,"5,365.02","24,978.75",
16,25,TV,19799,31737,"2,404.33","24,980.60",
14,25,LI,14403,45001,"5,632.46","25,014.85",
1,4,BI,18043,42849,"4,174.70","25,078.15",
4,37,TV,18021,32403,"2,722.34","25,102.96",
38,4,BV,18036,34242,"2,871.65","25,108.29",
2,13,TV,19205,32115,"2,590.34","25,124.03",
27,3,RI,16631,43289,"3,028.71","25,154.62",
38,40,TV,18110,38642,"2,696.22","25,159.31",
2,26,LI,14441,41099,"5,681.82","25,159.69",
25,1,BV,16330,42072,"3,269.59","25,183.70",
25,26,BI,16890,36039,"3,829.78","25,197.77",
14,3,TV,17836,44588,"3,581.00","25,211.85",
13,39,BI,18275,32950,"2,697.16","25,216.96",
16,4,TV,18518,34070,"2,938.47","25,227.35",
15,13,RV,18095,32869,"2,561.83","25,249.69",
13,14,BI,17800,37892,"3,584.17","25,275.21",
2,26,BI,12863,39923,"4,347.03","25,282.97",
3,28,RI,18774,39566,"2,569.12","25,284.96",
26,2,TI,12418,39689,"5,709.81","25,289.60",
28,26,LV,16269,38089,"4,044.35","25,300.84",
37,38,RI,18073,37062,"3,590.26","25,306.32",
3,2,RV,20226,37327,"3,101.98","25,314.04",
15,37,TV,21962,31178,"1,602.55","25,322.43",
15,14,LI,12508,39766,"6,500.08","25,354.51",
39,38,TI,14955,37686,"4,472.36","25,354.87",
38,26,RV,19174,43175,"3,395.19","25,360.07",
2,38,BI,16983,35364,"3,794.75","25,365.45",
38,13,RV,19743,33464,"2,171.25","25,372.86",
4,13,TV,18343,33237,"3,109.89","25,421.77",
16,26,TV,17643,31155,"2,478.85","25,428.51",
39,13,RI,18250,32761,"2,933.34","25,459.55",
38,26,BI,16378,34512,"3,451.39","25,460.07",
15,40,BI,18077,39467,"3,633.87","25,477.40",
1,39,TI,15536,35777,"4,106.25","25,564.40",
1,4,LI,14738,41515,"5,121.55","25,569.96",
27,40,BV,20060,32990,"2,156.35","25,604.55",
25,28,BI,17857,51241,"4,318.39","25,609.80",
27,25,LV,17227,41124,"4,295.64","25,623.53",
37,27,RV,21257,34422,"2,103.18","25,635.38",
14,37,TV,21449,30983,"1,942.03","25,655.84",
37,13,LI,15270,46043,"6,069.00","25,678.87",
15,37,BI,19267,32804,"3,101.55","25,683.91",
14,2,TV,18421,34921,"2,996.66","25,684.36",
15,25,TV,20076,32169,"2,523.25","25,696.11",
3,25,RI,19824,32978,"3,264.26","25,722.27",
15,26,TV,19124,33291,"2,563.87","25,724.00",
38,2,BI,13451,34929,"3,740.98","25,734.11",
14,40,TI,15490,39467,"5,712.03","25,744.75",
4,39,BI,20242,35639,"3,238.25","25,771.65",
28,25,LV,16281,50056,"4,917.48","25,811.43",
3,2,TI,15779,39242,"4,623.58","25,821.44",
28,37,TI,14822,36211,"3,672.70","25,851.07",
37,38,BI,17512,38211,"3,580.62","25,852.72",
14,40,BI,19105,38705,"3,587.90","25,854.59",
16,37,BI,19904,33060,"2,591.73","25,860.90",
13,37,BI,19305,34965,"2,793.24","25,882.47",
27,1,BI,19376,32720,"2,663.99","25,900.35",
1,4,RI,19251,45986,"4,301.43","25,902.40",
3,27,BI,8474,32754,"3,411.65","25,906.75",
27,1,LI,13600,40745,"5,067.80","25,911.22",
40,27,BI,18355,35401,"3,216.39","25,911.70",
2,40,TI,18634,34957,"3,576.12","25,914.61",
2,25,TV,21949,31416,"1,698.99","25,932.83",
15,38,TV,22124,31566,"1,900.84","25,988.02",
4,40,TV,18600,33505,"2,605.26","26,014.11",
4,27,BI,16359,33723,"3,368.66","26,014.44",
39,2,BV,17812,37835,"3,054.19","26,015.68",
26,16,LI,17621,35452,"3,388.04","26,031.90",
37,4,BV,19113,33652,"2,651.24","26,069.51",
1,13,TV,19043,38516,"3,583.58","26,093.98",
27,1,TI,15055,42857,"5,202.80","26,107.04",
26,39,LI,15159,38413,"5,667.97","26,126.20",
26,14,LI,15944,37786,"4,439.03","26,130.87",
14,26,TV,22194,30472,"1,827.11","26,167.18",
39,1,BV,18741,37652,"3,162.47","26,172.09",
38,13,LV,20876,32489,"2,014.40","26,175.81",
38,26,RI,18732,34756,"2,875.10","26,178.48",
39,27,RV,20071,36035,"2,878.79","26,182.67",
16,25,BV,17842,34781,"2,597.68","26,221.88",
26,1,RI,14337,36347,"4,141.23","26,227.44",
4,37,BI,18551,34079,"3,284.60","26,240.50",
38,3,TI,16320,38057,"4,323.29","26,243.45",
16,38,BI,20855,33221,"2,577.83","26,299.07",
38,14,LI,11983,41747,"6,127.78","26,300.61",
28,39,BI,20104,45919,"2,658.49","26,320.84",
38,26,LI,16149,42908,"5,990.41","26,328.01",
14,38,TV,21694,32624,"2,146.00","26,369.64",
26,37,LI,15102,39723,"5,758.19","26,371.76",
25,2,BV,19366,45635,"3,186.15","26,372.25",
39,37,BI,16191,36127,"3,570.11","26,390.07",
40,13,RI,20953,32941,"2,418.76","26,390.21",
2,14,TV,17757,48012,"3,650.96","26,423.77",
37,40,TV,17077,36149,"3,104.12","26,430.64",
26,4,BI,19384,35356,"3,554.40","26,441.84",
25,4,BV,20089,36391,"3,263.61","26,474.44",
4,38,TV,19709,37849,"3,002.49","26,490.27",
26,2,RV,19344,36668,"3,245.72","26,504.30",
28,4,RI,18160,32271,"2,632.05","26,526.33",
1,37,TV,19753,34825,"2,585.70","26,541.14",
26,13,BV,15309,53470,"6,529.25","26,605.72",
25,28,RI,18697,48833,"4,021.24","26,610.08",
3,37,TV,20133,36386,"2,751.73","26,623.94",
37,39,TV,19246,39405,"3,394.91","26,626.96",
37,26,RV,21016,45346,"3,165.52","26,644.47",
38,14,LV,20463,33208,"2,464.91","26,669.18",
4,15,RI,21249,33779,"2,277.56","26,689.26",
28,3,RI,15949,42014,"3,429.87","26,724.17",
14,27,TI,19125,39547,"3,796.72","26,731.45",
15,13,RI,13774,40123,"5,024.06","26,737.60",
14,2,TI,15611,41846,"5,340.56","26,769.67",
27,39,BV,18266,33953,"2,405.03","26,795.94",
39,3,BV,19005,36935,"3,296.58","26,797.67",
1,27,TI,12619,39393,"5,089.39","26,805.97",
16,27,TV,19931,33954,"2,738.26","26,826.66",
3,13,BV,14534,48207,"6,194.99","26,837.71",
26,3,RV,17407,37238,"3,827.14","26,878.23",
37,13,RI,19496,36792,"3,586.33","26,881.34",
2,25,BI,15506,39157,"4,716.33","26,897.22",
2,28,RI,18374,35756,"3,621.82","26,948.66",
1,13,BV,18125,46694,"5,401.49","26,955.22",
14,25,RV,20717,34407,"2,397.80","26,960.13",
14,27,LI,15059,40137,"5,069.03","26,963.89",
14,26,RI,19327,34378,"3,018.71","26,987.43",
26,15,TI,13391,40802,"4,588.08","26,995.09",
26,13,TI,14273,37382,"4,601.94","26,997.73",
1,38,TV,20100,34562,"2,756.54","27,023.82",
28,26,TV,19978,36229,"3,166.61","27,037.74",
1,13,LI,14402,53267,"6,529.20","27,047.92",
2,15,TV,19661,49543,"5,097.51","27,062.47",
16,1,RI,19269,36171,"3,269.50","27,121.12",
26,40,TI,16862,37166,"4,411.86","27,138.86",
2,26,TI,16383,43399,"5,097.47","27,150.42",
1,2,RI,17693,39360,"4,795.94","27,171.28",
14,25,TV,22085,33906,"1,805.84","27,217.18",
2,25,RV,19541,44207,"4,117.17","27,227.32",
14,3,LI,17070,37887,"4,512.18","27,295.11",
2,26,TV,22198,33240,"2,305.96","27,296.58",
14,38,TI,15533,44234,"5,990.66","27,345.32",
28,13,RI,20616,38008,"3,113.35","27,380.40",
40,14,RI,22311,34195,"2,541.97","27,433.62",
26,4,RV,18434,35985,"3,267.74","27,438.20",
16,39,TV,22191,33100,"2,095.64","27,460.82",
3,27,RV,9079,38530,"3,362.49","27,464.11",
3,25,LI,14961,46118,"6,001.75","27,500.38",
2,38,TI,18178,38136,"4,077.50","27,503.89",
2,37,TV,21027,33206,"2,064.31","27,506.92",
39,16,RI,19858,39369,"3,031.71","27,514.25",
37,28,RV,20181,34037,"2,764.43","27,517.85",
40,37,TV,18411,37020,"3,505.05","27,542.36",
40,25,BI,19642,38655,"3,184.37","27,544.47",
2,28,TI,17648,36240,"3,784.53","27,562.66",
26,38,TI,16315,45355,"5,643.25","27,571.51",
38,25,RV,19272,37108,"3,669.77","27,594.11",
16,3,RI,19637,58138,"3,734.20","27,613.66",
39,37,TV,18785,38271,"3,255.27","27,619.80",
26,4,TI,10586,42280,"7,261.06","27,632.33",
2,26,RV,18339,69944,"6,080.54","27,665.29",
14,4,TI,14268,44591,"5,376.83","27,681.63",
39,15,RV,23108,33354,"1,656.41","27,690.64",
2,37,LI,15621,39055,"5,650.57","27,709.09",
27,4,BI,20153,37674,"3,466.09","27,716.64",
28,1,BV,21123,39201,"3,005.45","27,756.42",
4,13,BV,15777,53487,"6,562.98","27,765.18",
39,26,RV,20757,53760,"3,814.62","27,775.84",
14,2,RI,16036,38643,"4,775.06","27,779.17",
2,14,LI,15579,44210,"5,955.36","27,779.50",
14,37,LI,15328,45269,"5,676.03","27,804.25",
16,14,RV,20613,36088,"2,663.56","27,808.11",
39,4,RV,19940,38237,"3,157.34","27,819.33",
2,3,LV,20160,34866,"3,043.01","27,819.38",
1,14,BV,18563,44097,"5,323.87","27,821.20",
4,26,RI,21102,36076,"2,592.79","27,839.09",
14,1,LI,16952,37495,"4,170.59","27,853.91",
4,38,TI,15573,40108,"4,228.47","27,855.62",
37,25,RV,21635,35809,"2,413.54","27,856.01",
2,28,BI,17230,35582,"3,256.19","27,897.23",
27,38,BV,21739,37555,"2,628.76","27,899.45",
26,37,TV,23743,33531,"2,113.82","27,909.86",
27,3,LI,14410,45552,"6,076.29","27,928.16",
28,39,TI,19220,40502,"3,799.76","27,957.91",
3,39,TV,21063,35056,"2,492.42","27,975.35",
2,38,TV,22091,34685,"2,347.17","27,998.40",
38,28,LI,14822,39726,"4,945.31","28,043.73",
39,4,BV,18169,42222,"3,618.35","28,052.28",
15,38,BI,17262,38932,"4,050.55","28,086.72",
27,13,LI,15326,51207,"6,217.53","28,089.27",
1,2,BI,20298,40214,"4,056.38","28,095.51",
26,14,BV,16126,49742,"6,492.64","28,097.70",
25,13,RI,20067,37852,"3,255.97","28,114.21",
3,27,LI,9654,43323,"5,922.83","28,130.04",
1,27,LI,12023,51837,"7,771.34","28,136.80",
3,14,BV,16350,43860,"5,677.86","28,147.38",
26,28,TV,17685,38744,"3,808.33","28,164.79",
28,37,LI,15745,45673,"6,255.11","28,173.76",
37,25,LI,14491,50073,"6,273.82","28,177.97",
16,3,BI,22873,41083,"2,187.95","28,178.96",
25,26,RI,19150,41835,"4,744.04","28,181.65",
3,25,TV,20627,36644,"3,104.81","28,190.55",
2,13,BV,16916,53908,"6,684.19","28,202.91",
4,28,TI,15148,36149,"3,879.82","28,223.41",
38,16,BV,15213,68612,"7,742.99","28,239.80",
26,40,BI,18269,37926,"3,826.02","28,244.39",
27,3,TI,12967,41475,"5,290.21","28,262.34",
3,25,TI,12581,46401,"6,515.40","28,263.20",
4,28,BI,20453,33181,"2,145.55","28,268.80",
1,25,BI,18048,41575,"5,450.18","28,310.03",
4,14,TV,18785,70545,"4,718.98","28,348.70",
25,3,TI,13684,48891,"7,190.18","28,361.17",
16,40,TV,23248,34292,"1,973.36","28,362.51",
2,14,BV,17571,46851,"6,444.44","28,383.92",
14,15,LV,22043,37875,"3,217.43","28,404.59",
39,28,RV,20799,37073,"2,879.14","28,418.33",
27,1,RI,16430,38911,"4,410.51","28,470.98",
28,15,RI,21515,38358,"3,187.30","28,471.55",
25,37,TI,12232,44117,"5,807.08","28,508.50",
25,4,BI,20705,51586,"4,322.85","28,509.33",
26,1,RV,23314,38782,"2,998.03","28,512.74",
4,2,RV,19518,37605,"3,375.40","28,530.79",
25,2,BI,22432,36830,"2,923.68","28,540.96",
2,16,LI,16039,39353,"4,456.20","28,592.99",
4,25,TV,21225,38273,"3,449.33","28,593.57",
25,40,BV,22759,35627,"2,193.88","28,619.04",
16,13,RV,23178,37417,"2,298.76","28,644.05",
3,26,RV,19479,54668,"4,505.24","28,675.76",
27,37,BV,21760,35265,"2,699.93","28,683.47",
13,16,LI,15174,71604,"6,053.59","28,690.56",
2,28,RV,17457,45620,"5,545.69","28,693.80",
37,27,LI,17909,46790,"5,826.49","28,710.29",
25,1,RI,16144,41464,"5,509.96","28,738.36",
3,27,TI,10253,46357,"5,471.75","28,752.42",
38,16,LI,13720,40639,"6,118.00","28,770.41",
39,13,BV,20668,48406,"5,152.31","28,778.58",
28,38,BI,22762,36559,"2,627.61","28,786.63",
1,28,RI,20948,54233,"4,683.27","28,830.80",
39,25,RV,21988,39311,"3,316.70","28,863.47",
38,13,BV,17928,48850,"5,409.53","28,869.46",
37,16,RI,21329,49932,"4,705.14","28,874.43",
13,27,RV,23324,36793,"2,584.99","28,897.54",
13,1,TV,20004,48763,"4,196.39","28,910.93",
1,26,RI,21948,42266,"3,842.46","28,911.66",
39,16,RV,21674,35751,"2,770.00","28,923.51",
1,37,BI,20009,39480,"4,136.11","28,926.25",
4,13,TI,16630,42226,"5,161.42","28,988.60",
14,4,TV,20362,41728,"4,285.48","28,988.87",
1,16,BV,16342,59087,"6,631.27","28,999.32",
38,4,RV,21199,41058,"3,103.04","29,000.15",
38,14,BI,15546,46566,"5,387.80","29,006.72",
37,15,RV,22857,35200,"2,370.97","29,015.06",
2,39,LI,15282,43296,"6,213.58","29,031.40",
3,2,LI,16923,43483,"5,026.55","29,059.56",
39,16,BV,17836,74152,"7,289.15","29,081.35",
13,3,TV,19624,47553,"4,171.45","29,090.14",
4,26,TI,14720,48591,"5,815.01","29,105.15",
27,26,TI,15097,47675,"5,771.87","29,127.06",
28,39,TV,22990,38638,"2,522.67","29,190.95",
40,15,LI,16693,45082,"6,864.61","29,191.73",
28,39,LI,16035,43588,"6,493.63","29,209.31",
26,1,LV,22980,39863,"3,445.82","29,211.41",
1,14,TV,20277,62687,"4,312.82","29,220.38",
13,14,RI,20143,40249,"4,149.23","29,233.93",
39,14,RI,21069,43025,"3,999.55","29,239.54",
25,38,BV,23651,39400,"3,015.08","29,257.42",
28,2,BI,22456,38777,"3,084.42","29,266.20",
3,13,LI,16353,44066,"5,607.74","29,285.73",
13,16,RI,19541,52736,"6,167.38","29,296.71",
25,39,BI,20603,63083,"4,063.44","29,302.68",
38,3,RI,20985,39480,"3,645.88","29,314.03",
25,39,BV,24059,34590,"2,086.80","29,378.92",
4,14,BV,16314,52731,"6,706.58","29,382.93",
39,3,RV,23372,33873,"1,766.29","29,401.40",
38,28,RV,21375,38597,"3,466.22","29,409.71",
4,38,BI,21411,38786,"2,968.29","29,415.91",
3,38,TV,21915,42091,"3,278.86","29,424.09",
3,37,TI,14329,52684,"6,731.53","29,435.91",
4,15,TV,20910,59831,"7,028.79","29,446.06",
37,13,BV,17947,58516,"6,660.29","29,474.80",
27,13,RI,20120,40042,"3,189.80","29,489.13",
15,1,TV,20460,45864,"4,254.12","29,503.71",
14,16,LV,20170,37838,"3,418.67","29,525.49",
14,4,RI,20433,41516,"3,720.98","29,527.36",
27,25,TV,20521,38998,"4,162.46","29,529.69",
26,38,BV,24139,38522,"2,852.00","29,565.15",
37,28,BV,22680,36633,"2,336.23","29,566.06",
28,16,LI,16257,41007,"4,579.45","29,566.07",
28,3,BV,22361,41664,"3,267.83","29,587.58",
26,39,TV,21949,35723,"1,991.40","29,592.77",
26,40,BV,23564,38927,"2,215.69","29,609.78",
1,39,TV,20390,39617,"2,760.23","29,614.81",
27,3,RV,24759,34201,"1,954.14","29,621.07",
1,15,RI,20714,38617,"3,684.83","29,631.59",
25,4,RV,19775,37371,"3,085.00","29,638.98",
28,4,TI,15566,44344,"7,403.77","29,644.77",
28,14,LI,18225,44143,"5,511.14","29,649.41",
39,14,BV,19596,47577,"5,672.88","29,655.05",
3,39,TI,14796,47998,"7,181.81","29,659.09",
25,3,RV,22623,39324,"2,891.94","29,706.42",
4,13,RI,19927,41279,"3,410.75","29,711.10",
25,37,BI,22533,38237,"3,232.84","29,730.03",
4,16,BV,16282,82573,"8,767.47","29,732.55",
3,1,RV,23340,38047,"2,831.63","29,739.75",
25,37,BV,21341,36828,"2,321.25","29,747.81",
3,15,BV,16320,50252,"6,510.00","29,752.91",
2,13,TI,16969,44387,"6,014.00","29,754.23",
15,1,RI,18607,44325,"4,607.56","29,790.56",
4,14,RI,22885,37991,"2,775.14","29,793.59",
25,13,BV,16825,51914,"7,117.86","29,802.24",
27,15,LI,17874,45035,"5,666.82","29,826.58",
38,28,BI,21360,39596,"3,304.65","29,842.66",
14,4,BI,21546,39192,"3,429.88","29,856.24",
38,13,BI,21704,43012,"4,893.19","29,914.44",
26,16,RI,18983,38251,"3,979.75","29,920.06",
40,13,TI,19524,44680,"5,650.69","29,932.96",
14,28,RV,15907,39811,"4,384.11","29,933.25",
1,13,RI,23202,42910,"3,693.20","29,941.36",
4,26,TV,22203,41829,"3,507.95","29,956.92",
28,37,BI,23318,37383,"2,701.07","29,957.78",
1,15,LI,17770,47374,"6,227.03","29,971.33",
16,25,RI,22596,39751,"4,051.85","29,982.79",
38,27,TI,21180,44268,"4,543.53","29,996.17",
40,16,RV,22110,35516,"2,867.33","29,999.79",
16,37,TI,13006,48733,"7,173.24","30,004.38",
39,13,LV,22501,37520,"3,097.89","30,008.72",
27,37,TI,16253,43455,"4,879.62","30,010.85",
3,26,RI,20116,42850,"4,074.32","30,023.74",
39,27,BI,21384,42023,"4,350.11","30,037.43",
3,25,BI,21032,41321,"4,582.20","30,041.27",
39,13,LI,16201,55793,"7,815.08","30,093.02",
37,14,RI,22285,37006,"3,081.52","30,111.53",
38,25,TI,20573,42504,"4,369.18","30,116.94",
28,1,RI,18134,38935,"3,916.95","30,130.95",
37,26,BV,24118,35978,"2,624.52","30,138.27",
1,40,TV,23716,38913,"2,772.56","30,148.55",
14,39,TV,22384,35965,"2,323.53","30,149.71",
16,37,LI,19215,48150,"6,551.07","30,154.01",
4,25,BI,22148,38790,"3,309.55","30,158.12",
13,37,TI,12884,46615,"5,632.45","30,171.74",
3,40,TV,23301,37686,"2,598.24","30,178.58",
26,14,RV,24139,36764,"2,378.12","30,181.59",
14,39,LI,18140,44222,"6,084.03","30,186.41",
1,15,BV,17824,47834,"5,997.96","30,189.54",
15,39,TV,22971,37377,"3,275.02","30,194.42",
38,1,RI,18293,41891,"4,174.01","30,196.34",
39,2,RV,23725,41257,"2,585.55","30,211.15",
39,27,BV,23369,38386,"2,343.75","30,219.84",
38,25,TV,23127,36992,"2,889.37","30,246.47",
3,13,RI,20106,43605,"4,620.08","30,252.93",
38,1,LV,25335,36376,"1,937.05","30,253.18",
39,28,BV,21816,36182,"2,084.10","30,254.09",
13,16,TI,18189,63776,"5,718.58","30,262.15",
26,16,BV,16432,62721,"7,382.74","30,264.87",
2,16,RI,18374,39973,"3,793.52","30,280.24",
3,26,BI,17097,44584,"5,136.75","30,282.69",
37,40,LI,17478,64546,"5,761.73","30,283.64",
26,2,LV,23038,43807,"3,838.33","30,288.29",
25,28,TV,17003,42772,"4,083.53","30,297.00",
25,2,RV,24887,37893,"2,423.65","30,302.47",
25,39,TI,19520,45672,"5,610.95","30,318.22",
13,3,BI,22760,41083,"3,551.19","30,320.96",
13,40,BI,24601,47983,"3,183.17","30,331.26",
3,25,RV,22917,43468,"3,840.96","30,331.41",
27,4,RV,20831,36983,"3,044.71","30,350.79",
40,25,LI,15298,50086,"6,572.07","30,351.18",
40,38,TV,21608,40973,"3,834.31","30,358.82",
27,2,BI,20456,42398,"4,073.41","30,359.76",
26,15,RV,25422,35780,"2,048.33","30,366.27",
38,14,BV,19408,52853,"6,583.30","30,374.86",
39,14,RV,25444,36274,"2,187.18","30,388.49",
37,27,BV,23324,38177,"2,825.48","30,397.96",
3,27,TV,9502,37773,"2,847.67","30,412.86",
1,39,BI,20251,49794,"4,004.14","30,420.77",
28,2,LI,14615,51137,"7,173.66","30,435.08",
40,27,RI,25294,36409,"2,304.76","30,437.46",
2,39,TV,23044,36374,"1,655.00","30,443.44",
27,39,BI,22299,52968,"3,575.55","30,444.92",
39,14,LV,23257,39100,"3,449.54","30,456.70",
14,38,RI,16515,45225,"4,879.21","30,472.59",
26,38,TV,25032,40430,"3,114.24","30,491.38",
28,2,BV,22548,44205,"3,926.61","30,532.01",
28,4,BV,22339,40988,"3,302.02","30,555.12",
15,40,TV,23020,37178,"2,737.33","30,561.35",
39,25,RI,21093,40476,"4,264.05","30,571.82",
25,15,RI,21408,44485,"3,966.41","30,590.97",
2,16,TV,20505,40222,"3,553.02","30,612.00",
16,2,BI,21618,42848,"3,408.48","30,632.70",
38,25,LV,20401,45821,"4,517.25","30,662.51",
39,26,BV,24397,39048,"2,825.74","30,686.79",
15,3,BI,21189,45743,"4,095.81","30,690.40",
27,13,BV,18797,56614,"6,417.95","30,701.89",
3,16,BV,17528,62939,"7,234.49","30,706.72",
40,3,BI,23428,63196,"4,154.47","30,715.02",
2,16,BV,16658,81869,"8,444.91","30,715.28",
27,15,RI,21238,38432,"3,435.62","30,719.01",
16,1,BI,23642,42548,"3,723.11","30,724.29",
1,15,TV,19214,58913,"7,166.08","30,725.80",
38,2,LI,13014,46979,"5,725.06","30,728.09",
3,15,RI,20893,44565,"4,266.80","30,734.20",
15,3,RI,19683,66331,"5,067.92","30,753.76",
38,26,BV,24107,39700,"2,567.91","30,779.00",
38,3,RV,25371,36761,"2,542.35","30,785.06",
26,37,BV,22755,38686,"2,563.98","30,808.38",
39,25,BI,21883,39451,"3,369.46","30,812.70",
16,28,TV,20935,39811,"3,154.77","30,837.39",
38,28,BV,23151,36496,"2,240.71","30,846.47",
16,27,BI,23432,39134,"3,288.95","30,858.14",
16,2,RI,23057,38454,"3,286.26","30,864.53",
26,16,RV,22902,39685,"2,742.73","30,892.96",
40,1,TI,19275,49351,"6,061.18","30,899.23",
28,4,RV,21823,38930,"2,936.04","30,900.06",
28,3,RV,25125,35953,"2,034.16","30,924.69",
2,4,LV,19811,39730,"3,558.57","30,925.23",
4,15,TI,17328,41088,"5,399.84","30,927.11",
40,2,BV,22046,48970,"3,726.81","30,927.72",
13,38,BI,24382,38373,"3,093.13","30,977.72",
38,15,BI,17850,45793,"5,735.25","30,987.31",
14,39,RI,18043,43301,"5,346.54","30,990.19",
14,40,TV,25321,37672,"2,410.41","30,991.98",
40,3,TI,19097,43301,"4,687.48","31,002.13",
16,1,TI,17830,52797,"5,589.20","31,013.72",
25,3,RI,21383,46411,"4,408.83","31,029.01",
37,1,TI,17362,50268,"5,971.30","31,032.40",
40,15,RV,26728,36078,"1,968.47","31,061.44",
4,37,LI,16101,44339,"6,274.79","31,075.13",
26,39,BV,22308,38202,"2,629.75","31,085.55",
40,1,BI,23889,41077,"3,957.48","31,086.53",
38,27,BV,23012,37128,"2,372.32","31,096.42",
26,40,TV,24616,40498,"2,831.01","31,115.07",
40,3,BV,21692,45921,"4,359.92","31,143.70",
15,2,TV,19889,44080,"4,245.66","31,171.89",
38,4,BI,21674,44042,"3,417.71","31,174.90",
1,3,LV,23019,41408,"4,136.09","31,195.64",
13,15,LV,22426,40826,"3,954.78","31,221.93",
2,28,LI,14802,43900,"6,310.66","31,240.97",
37,16,BV,16586,74920,"8,884.86","31,246.02",
28,2,TI,18000,45840,"5,761.68","31,270.11",
38,2,RI,16419,46390,"4,596.13","31,302.66",
27,2,RI,19886,46309,"4,966.12","31,309.14",
40,26,BI,22865,41798,"3,422.42","31,311.57",
4,16,TV,22297,43363,"3,446.38","31,324.98",
37,27,RI,22100,42912,"3,311.01","31,329.25",
13,1,BI,21857,43991,"4,682.01","31,329.32",
15,14,TI,20304,47970,"4,997.74","31,344.02",
2,40,TV,24975,36622,"2,207.20","31,345.59",
1,27,RV,17415,41963,"3,895.14","31,358.04",
3,26,TV,23551,44836,"3,497.94","31,363.73",
40,25,RI,22958,42605,"3,346.94","31,373.62",
37,15,LI,15522,53400,"7,378.65","31,400.89",
37,40,RI,23902,48269,"3,931.79","31,411.88",
16,27,RI,23884,46871,"4,130.88","31,458.36",
39,38,TV,22613,41568,"3,869.43","31,461.93",
37,3,LI,17842,48539,"7,121.98","31,511.76",
28,2,RV,23514,39778,"2,636.86","31,517.80",
13,3,TI,19961,56025,"5,657.94","31,525.61",
37,14,BV,18373,51013,"7,128.44","31,532.31",
2,27,TV,12895,37832,"2,573.37","31,536.98",
40,3,RI,25892,38469,"2,545.85","31,565.47",
27,4,RI,26700,43800,"2,303.17","31,567.36",
37,25,BV,23763,36989,"2,229.78","31,600.29",
13,16,BI,23364,48736,"4,014.26","31,605.20",
3,28,BI,24951,51363,"2,921.86","31,613.69",
13,26,RV,23635,42262,"3,144.66","31,634.80",
27,2,RV,23640,38240,"2,576.98","31,650.59",
27,14,BV,21004,48319,"5,692.10","31,651.28",
15,3,TV,21460,47194,"3,998.59","31,668.18",
37,25,RI,22811,43286,"3,854.50","31,695.51",
39,25,BV,25365,37883,"2,178.04","31,703.35",
40,27,RV,26718,37563,"2,575.76","31,731.11",
13,16,LV,19341,40020,"4,010.17","31,766.58",
39,15,BV,19908,52267,"6,549.25","31,769.08",
13,2,TV,23681,41481,"3,406.77","31,782.68",
13,3,RV,26297,38488,"2,594.57","31,786.60",
3,28,RV,19119,43104,"4,785.70","31,789.76",
15,27,TV,21480,39913,"3,598.76","31,795.89",
38,2,RV,22909,40336,"3,543.11","31,828.68",
1,15,TI,19026,43950,"5,435.00","31,847.73",
40,1,BV,21878,48533,"4,529.57","31,859.02",
38,28,RI,19208,40586,"4,187.95","31,891.05",
39,27,RI,23357,47210,"4,147.16","31,919.23",
13,25,RV,22366,47559,"4,136.05","31,922.58",
4,1,LV,22254,43285,"4,120.65","31,928.44",
25,14,BV,18471,49756,"6,804.45","31,935.71",
27,37,BI,21370,41614,"4,173.14","31,946.02",
25,38,BI,20595,43237,"4,153.84","31,965.78",
13,25,TV,26808,40270,"2,663.37","31,981.69",
37,2,RV,26798,38040,"2,412.66","31,987.23",
39,38,LI,18932,54123,"5,820.57","31,993.37",
28,40,TV,24610,40035,"2,675.85","31,996.67",
4,1,RV,25136,45488,"3,396.53","32,004.98",
25,39,LI,17856,50153,"6,457.76","32,012.08",
3,15,LI,19125,49266,"6,321.25","32,017.64",
37,1,LI,17439,47546,"6,524.55","32,032.36",
40,15,TI,17625,51142,"6,101.72","32,041.90",
1,16,TV,21761,47955,"4,584.86","32,050.87",
1,25,TV,25312,40472,"3,163.78","32,099.12",
40,26,RI,24697,41390,"3,154.75","32,119.28",
38,13,TI,17430,48877,"6,378.65","32,121.51",
1,26,RV,22834,69217,"5,838.77","32,127.11",
13,1,TI,16380,50743,"6,493.53","32,168.87",
15,27,RV,24640,40844,"3,051.24","32,211.83",
37,3,TI,19839,48224,"5,299.32","32,215.25",
27,39,TI,18191,47138,"6,013.75","32,226.79",
4,27,TV,8802,39884,"3,109.88","32,270.56",
26,15,BV,16081,53072,"7,686.99","32,274.43",
14,3,RV,25329,41045,"2,743.43","32,285.76",
28,37,TV,25666,39327,"3,041.21","32,295.33",
37,27,BI,19119,46553,"5,156.39","32,320.60",
14,27,BI,15832,41246,"3,281.19","32,326.24",
15,37,TI,16803,50838,"7,078.22","32,330.66",
3,13,TV,22845,43583,"4,194.58","32,345.84",
15,26,RV,25190,44890,"3,486.25","32,377.25",
27,26,TV,20421,45396,"4,920.81","32,405.45",
40,26,RV,25222,48715,"2,800.33","32,415.24",
14,26,TI,17499,48841,"5,787.57","32,429.84",
39,1,LV,26674,39094,"2,658.72","32,446.11",
38,4,TI,16221,46037,"5,020.27","32,455.65",
26,1,TV,24252,46020,"3,518.04","32,462.03",
13,37,TV,27260,39818,"2,259.79","32,462.42",
27,15,RV,26562,37180,"2,199.36","32,470.69",
28,14,RI,23627,42904,"3,798.36","32,475.30",
40,13,TV,23636,51678,"4,021.39","32,493.24",
39,3,BI,21337,71414,"5,267.77","32,525.22",
37,16,RV,21392,41809,"3,211.60","32,533.29",
38,26,LV,22011,43131,"3,917.87","32,555.36",
1,27,BI,18149,43919,"5,342.93","32,563.62",
38,26,TV,25346,44576,"3,578.11","32,569.11",
39,1,LI,17015,49930,"6,217.83","32,578.87",
14,25,BI,24736,43194,"3,991.29","32,591.04",
27,1,LV,25004,43283,"3,891.83","32,624.38",
4,28,LI,18919,45219,"6,279.33","32,645.48",
2,15,TI,18301,44702,"5,760.05","32,700.26",
4,26,BI,18154,47128,"5,250.68","32,709.82",
14,28,RI,24348,40529,"3,337.11","32,734.48",
38,2,LV,26114,40115,"2,637.43","32,753.37",
27,16,RV,23165,40076,"2,916.35","32,757.63",
16,25,LI,20040,49084,"6,497.50","32,759.82",
26,3,TV,22789,52489,"4,452.96","32,801.49",
28,13,TI,17889,45758,"5,814.26","32,819.11",
13,26,TV,25225,41034,"2,756.96","32,819.76",
38,27,TV,25452,42487,"3,476.54","32,834.31",
3,37,BI,21489,48157,"4,876.07","32,910.77",
26,2,TV,25160,41464,"3,292.46","32,939.98",
28,37,BV,24699,40941,"2,986.14","32,943.40",
37,4,RV,24636,41974,"3,483.82","32,996.44",
2,15,BV,16194,53158,"7,871.01","33,002.17",
40,4,BV,23852,47305,"4,141.03","33,014.43",
40,1,RI,25130,40435,"3,070.68","33,026.87",
37,15,BV,17888,59039,"8,069.13","33,044.95",
15,27,RI,21481,44872,"4,527.52","33,067.00",
28,2,RI,17849,46867,"4,644.48","33,085.64",
40,14,RV,25976,39529,"2,362.05","33,126.22",
13,4,TV,22108,46432,"4,355.66","33,126.49",
4,39,LI,18162,49234,"6,629.43","33,132.67",
38,15,BV,19193,52314,"7,261.88","33,142.35",
38,2,TI,19837,49235,"5,918.41","33,174.84",
38,15,TI,17639,47160,"6,540.42","33,181.61",
38,25,BV,26000,39337,"2,363.67","33,215.45",
1,14,RI,19299,44269,"5,440.83","33,222.50",
1,13,TI,17381,52315,"6,603.98","33,235.82",
25,15,TI,17366,46368,"5,124.88","33,267.35",
25,15,RV,26196,39467,"2,496.25","33,271.98",
27,13,LV,23988,45228,"4,204.03","33,300.82",
15,28,TV,23571,40096,"3,036.06","33,304.30",
37,3,BI,23131,78946,"5,099.53","33,307.19",
27,37,TV,26880,42765,"3,190.85","33,321.63",
1,26,TV,24739,42804,"3,724.41","33,383.42",
1,25,RV,24504,53512,"5,025.74","33,421.69",
13,4,RV,24146,43859,"3,449.36","33,429.44",
26,13,LV,24204,41345,"3,789.35","33,457.82",
28,4,LI,16268,45912,"5,885.24","33,467.46",
14,27,TV,24304,41274,"2,842.42","33,470.87",
14,37,RI,17988,51855,"6,158.58","33,483.80",
25,37,RV,22171,63423,"7,913.53","33,510.23",
25,16,BV,19259,73271,"7,955.62","33,524.49",
25,37,LI,17958,53631,"7,551.64","33,536.42",
13,27,TI,20084,47217,"5,368.79","33,549.78",
4,15,BV,16768,59588,"7,877.34","33,550.94",
40,27,TI,22001,48279,"5,249.78","33,555.57",
1,40,TI,20286,45693,"4,989.19","33,582.49",
3,39,BI,19852,44446,"4,331.16","33,592.13",
15,25,TI,21038,48083,"6,155.97","33,603.29",
25,37,LV,23669,49378,"3,763.70","33,613.76",
13,38,TV,28269,42296,"2,311.55","33,619.96",
40,1,LI,17891,48721,"6,253.23","33,637.76",
15,1,BI,22916,45981,"4,019.93","33,639.05",
27,38,BI,21408,44103,"4,260.66","33,668.56",
25,14,RI,22742,46121,"5,217.80","33,672.71",
39,2,LV,24660,40220,"2,643.55","33,680.22",
25,14,LI,20946,51787,"6,165.31","33,694.47",
40,25,RV,26452,42225,"3,211.62","33,729.47",
16,25,BI,24535,45045,"4,182.98","33,743.71",
25,16,LI,18421,49119,"5,378.21","33,781.51",
15,25,RI,24193,47595,"4,709.45","33,787.46",
37,3,RV,27483,39994,"2,390.11","33,798.66",
13,28,RV,23199,47103,"3,789.79","33,818.34",
28,38,BV,25997,43195,"2,882.16","33,839.88",
37,13,TI,18278,52543,"7,254.77","33,873.88",
26,13,RV,29370,40412,"2,154.94","33,876.47",
1,28,TI,23138,42581,"3,798.51","33,903.82",
27,16,BV,18944,81463,"7,395.14","33,918.18",
13,39,TI,18476,56010,"7,674.61","33,932.53",
1,38,TI,21286,49786,"5,124.99","33,934.40",
16,25,TI,23740,47019,"5,443.54","33,940.05",
28,40,BI,24023,43663,"3,879.23","33,968.81",
28,40,BV,27123,41760,"2,480.96","33,984.57",
28,15,TI,19830,46158,"5,208.97","34,080.06",
26,15,LV,25000,42787,"3,754.03","34,088.80",
40,3,LI,20095,47007,"6,218.58","34,107.27",
40,27,LI,20076,52007,"6,842.82","34,113.39",
16,39,TI,16897,52855,"8,158.03","34,157.55",
25,2,TI,20186,53490,"6,988.56","34,165.29",
25,37,TV,28283,42132,"2,544.44","34,175.43",
25,1,RV,28180,41885,"2,199.25","34,191.62",
15,27,BI,21771,44428,"4,313.14","34,199.22",
25,15,BV,17418,54614,"7,354.09","34,215.74",
14,26,BI,21480,46348,"5,007.45","34,240.29",
39,26,RI,21685,44715,"4,757.40","34,251.94",
16,26,RI,24979,47449,"3,802.17","34,285.58",
26,15,BI,20804,47069,"5,012.94","34,291.84",
1,37,LI,19600,53807,"6,710.72","34,294.91",
27,2,LI,16661,60846,"8,079.29","34,298.81",
25,13,TI,19964,47663,"5,151.60","34,310.38",
39,3,LI,20309,53573,"7,716.20","34,343.75",
39,13,RV,29014,39741,"1,992.43","34,345.16",
2,15,RV,27953,40836,"2,243.07","34,357.09",
40,14,TV,25839,73511,"5,740.10","34,367.79",
37,1,BI,23303,51480,"5,187.43","34,368.00",
16,27,TI,21056,47650,"4,683.73","34,371.58",
38,13,TV,25104,46811,"3,534.84","34,381.00",
37,14,RV,27889,42918,"2,521.21","34,389.42",
1,38,BI,22375,45915,"5,466.27","34,392.78",
3,14,RI,21013,45925,"5,476.15","34,395.07",
16,27,LI,19800,47818,"5,446.17","34,444.03",
16,3,LI,20986,51726,"6,040.05","34,498.60",
25,16,RV,24952,41628,"3,197.35","34,515.65",
15,4,RV,25016,41885,"3,050.28","34,553.90",
39,1,RI,22149,53468,"5,854.38","34,559.32",
16,3,TI,22133,50753,"6,310.80","34,591.20",
38,16,BI,22391,49409,"4,046.91","34,606.05",
15,3,RV,27371,41683,"3,166.92","34,650.13",
15,27,TI,20391,47881,"5,464.02","34,657.18",
27,14,RV,27638,42832,"3,042.55","34,676.88",
25,39,LV,25912,82574,"6,331.67","34,692.73",
40,13,BV,21892,60628,"7,105.63","34,694.75",
13,27,BI,22025,44365,"3,507.33","34,716.18",
28,38,TV,27949,45379,"3,343.69","34,735.07",
4,26,LI,19975,50125,"6,368.49","34,739.18",
25,14,RV,25645,42036,"3,100.11","34,742.27",
14,4,RV,25096,41543,"3,420.11","34,746.83",
27,14,RI,19518,46149,"5,098.87","34,773.78",
2,37,RV,23204,66315,"10,132.60","34,774.33",
39,1,BI,24141,50610,"5,382.50","34,785.29",
1,39,LI,18048,51313,"7,112.92","34,791.92",
40,13,RV,27618,42543,"2,601.76","34,832.73",
3,13,TI,20801,48830,"6,476.91","34,838.73",
27,1,RV,29231,43616,"2,707.25","34,841.79",
40,2,BI,23069,43204,"3,677.76","34,889.78",
15,2,RI,20394,50801,"6,328.94","34,906.98",
28,38,TI,24567,50315,"4,839.85","34,913.05",
15,25,BI,24493,45167,"4,756.52","34,941.10",
40,25,TI,22716,48907,"5,692.50","34,943.85",
27,15,BV,19779,52260,"7,124.79","34,947.43",
14,26,LI,22515,56495,"6,363.59","34,977.42",
3,14,TV,24498,77505,"5,279.79","34,978.12",
26,37,RV,22106,63526,"8,646.02","34,985.51",
25,38,RV,20997,71139,"8,137.31","35,098.77",
14,40,RI,28707,49195,"3,089.62","35,100.93",
39,26,BI,16820,47597,"5,592.56","35,117.72",
26,37,RI,20804,47170,"6,970.18","35,118.65",
38,27,LV,22425,50371,"5,337.25","35,155.40",
14,37,RV,21750,62070,"9,252.50","35,223.69",
13,3,LI,21060,47844,"5,796.83","35,250.55",
26,39,RI,21326,47304,"5,866.04","35,262.94",
13,2,BI,19965,52128,"5,602.00","35,270.88",
16,39,LI,17790,53265,"7,977.33","35,284.07",
37,27,TI,24111,54453,"5,806.01","35,285.06",
13,27,RI,22520,49057,"4,340.57","35,291.81",
4,16,RI,22822,46445,"4,365.90","35,295.36",
37,1,RV,30163,44645,"2,894.05","35,314.53",
40,4,TI,23273,55828,"5,057.28","35,368.66",
2,28,TV,27039,42670,"2,881.99","35,406.96",
15,25,RV,26692,47490,"3,648.07","35,409.88",
38,28,TV,27704,45384,"3,391.43","35,410.83",
28,1,RV,30293,40891,"2,024.13","35,450.96",
16,26,BI,23969,49191,"4,845.22","35,475.07",
40,28,RV,26088,42625,"3,077.94","35,548.85",
40,2,RI,25254,42846,"3,324.03","35,549.33",
3,1,LV,25245,44927,"4,395.33","35,560.32",
28,39,BV,26006,46520,"3,024.64","35,563.49",
26,14,TI,16501,55649,"6,765.27","35,563.98",
26,15,TV,26378,57487,"4,825.24","35,593.22",
1,26,TI,21402,62788,"7,274.39","35,600.02",
3,28,TV,26684,43894,"3,215.04","35,620.29",
13,25,TI,20080,51654,"7,223.91","35,641.29",
4,2,LV,20920,52858,"4,771.81","35,644.56",
39,25,LV,25941,49637,"4,919.25","35,655.26",
14,28,LI,18177,46471,"4,887.02","35,677.33",
4,14,LI,22885,57430,"6,707.48","35,690.96",
3,37,LI,18487,55574,"7,944.57","35,724.66",
25,38,LV,23985,45879,"3,922.02","35,725.91",
38,4,LI,20998,44828,"5,214.56","35,737.16",
39,1,RV,30343,42499,"2,024.46","35,741.59",
14,2,RV,30779,43689,"2,285.02","35,772.51",
38,15,LV,25847,43375,"3,704.40","35,792.73",
26,16,LV,26175,45279,"4,007.65","35,795.86",
2,13,LV,25693,44911,"4,294.07","35,796.74",
3,15,TI,19366,51874,"6,718.65","35,804.81",
26,13,BI,23129,53209,"6,463.10","35,837.44",
25,39,TV,29589,42387,"2,469.04","35,839.15",
2,16,RV,26695,44312,"3,049.65","35,852.76",
40,4,RV,27439,44553,"3,169.58","35,863.51",
27,13,RV,27174,44300,"2,772.03","35,922.16",
26,14,BI,18461,51951,"6,124.39","35,949.53",
40,25,TV,29013,45773,"2,888.10","35,977.26",
2,40,BI,25863,46834,"4,448.91","35,985.49",
26,3,LV,29744,44457,"2,951.95","36,005.42",
15,2,BI,20905,47822,"6,141.53","36,028.02",
39,2,BI,18783,50915,"7,322.91","36,060.53",
37,3,RI,24103,45502,"4,512.67","36,128.86",
40,16,BV,19627,94156,"10,915.40","36,163.40",
13,2,RV,29546,43598,"2,424.11","36,199.25",
13,25,BI,26803,49598,"4,551.30","36,235.51",
25,4,LI,20597,47048,"4,455.53","36,260.03",
27,13,TI,20962,53006,"6,383.43","36,272.91",
28,1,TV,24413,51705,"4,548.69","36,272.96",
37,1,RI,27436,56708,"4,542.15","36,309.07",
4,14,TI,23728,53726,"5,732.54","36,379.86",
15,39,TI,19649,53310,"7,692.57","36,384.55",
16,1,LI,21308,48136,"5,723.81","36,399.66",
27,37,RI,23369,49637,"5,858.72","36,401.27",
2,39,RI,23006,47546,"5,402.42","36,427.57",
2,38,RV,22041,92352,"11,417.19","36,458.58",
14,38,RV,20915,83468,"8,953.90","36,464.24",
15,4,TV,24464,48884,"4,816.94","36,468.85",
28,13,BI,26392,49551,"5,826.24","36,490.24",
26,38,RV,21961,77317,"7,721.50","36,510.58",
2,14,RV,26772,43429,"3,197.63","36,522.67",
37,26,RI,22316,53713,"6,160.05","36,524.21",
25,16,LV,24139,46973,"3,963.98","36,554.80",
1,27,TV,15567,45228,"3,045.93","36,584.86",
26,13,TV,25812,48071,"3,829.97","36,600.35",
25,2,RI,21078,55414,"6,666.84","36,616.36",
27,14,LV,25504,50377,"5,085.92","36,617.96",
15,1,TI,18431,59019,"8,029.76","36,633.88",
26,14,LV,25474,46879,"4,955.51","36,635.43",
14,2,LI,19029,54290,"5,979.07","36,640.77",
14,28,TI,23723,48629,"5,009.34","36,665.79",
39,3,RI,24926,56058,"6,303.76","36,671.69",
13,27,TV,28066,44370,"3,223.21","36,698.99",
27,4,LI,18989,50790,"5,942.47","36,703.92",
26,38,LI,16505,51409,"6,696.82","36,822.18",
28,2,TV,27277,50439,"4,445.35","36,824.54",
27,37,RV,22979,77037,"10,570.17","36,844.22",
40,13,LV,28262,46932,"3,802.73","36,866.89",
15,26,RI,19726,50354,"6,377.89","36,870.98",
25,13,RV,28840,43114,"3,074.32","36,895.26",
39,25,LI,18210,62049,"8,568.28","36,905.01",
27,16,RI,18470,50490,"5,529.31","36,924.07",
2,37,RI,22446,52086,"6,681.66","36,929.54",
25,13,LV,26863,46901,"3,842.46","36,940.22",
37,25,BI,22442,52595,"5,837.48","36,942.85",
38,16,LV,26284,47016,"4,174.16","36,963.51",
40,15,TV,24306,82885,"7,662.81","36,979.13",
37,15,TI,20746,55615,"7,607.31","36,983.22",
26,39,LV,22615,68010,"6,310.98","37,014.91",
39,25,TV,30682,43289,"2,893.86","37,028.51",
27,38,TV,28617,52654,"4,229.72","37,039.95",
39,26,LV,27439,51512,"4,717.30","37,070.44",
40,14,BV,22273,60962,"8,507.67","37,089.14",
38,26,TI,26314,54221,"5,241.26","37,093.04",
40,25,LV,26962,56054,"5,489.77","37,111.78",
13,3,RI,21711,80710,"6,723.18","37,135.36",
3,39,LI,21151,59122,"8,279.18","37,155.46",
25,1,TV,30087,55652,"3,815.03","37,172.54",
13,27,LI,19223,59559,"7,134.77","37,176.64",
4,13,BI,23285,52664,"7,162.69","37,216.54",
1,26,LI,19758,67149,"9,638.85","37,252.35",
37,26,BI,20249,52134,"6,064.02","37,254.96",
25,38,TV,31490,49233,"3,239.83","37,271.63",
39,15,LI,18180,55167,"8,996.72","37,277.34",
27,2,TI,19846,54941,"7,193.90","37,303.39",
4,28,TV,26685,45418,"3,629.08","37,306.25",
25,40,TV,30455,44962,"2,663.39","37,317.08",
40,14,LI,19250,63529,"9,049.70","37,338.18",
38,28,TI,25407,48549,"4,125.84","37,344.81",
27,15,TI,20480,54343,"6,995.83","37,351.02",
38,1,RV,30487,45182,"3,102.93","37,357.16",
26,40,LI,24898,47961,"4,539.06","37,422.21",
2,14,TI,20763,54242,"6,343.49","37,425.38",
28,15,RV,31072,44740,"2,494.36","37,602.28",
26,37,LV,25762,49511,"4,572.99","37,611.03",
3,26,TI,18708,61275,"7,898.36","37,669.10",
25,4,TI,15228,58513,"9,078.06","37,687.05",
37,4,TI,20358,54901,"5,539.70","37,692.93",
3,13,BI,24469,54172,"5,608.44","37,694.49",
13,25,RI,25989,49261,"5,216.11","37,702.24",
37,2,BI,23916,48068,"4,905.71","37,721.56",
26,4,TV,28166,54138,"5,009.90","37,747.49",
15,28,RV,25255,50272,"4,372.87","37,750.63",
40,14,LV,28514,48293,"3,993.44","37,791.84",
27,2,LV,28505,54166,"4,487.10","37,803.85",
40,26,BV,28521,47260,"3,583.15","37,817.22",
40,27,LV,27004,59275,"6,620.46","37,825.69",
27,39,TV,29239,46507,"2,755.23","37,900.47",
13,25,LI,19636,64012,"8,677.39","37,902.85",
28,15,BI,24352,49586,"5,392.38","37,918.74",
37,13,RV,29358,45795,"3,108.83","37,938.60",
25,15,LV,26451,48478,"4,101.41","37,983.02",
2,13,BI,23513,53251,"6,967.72","38,038.84",
3,38,BI,19414,50990,"6,716.74","38,047.94",
4,16,LI,19629,56285,"7,159.20","38,083.19",
27,4,TI,18646,53322,"7,283.80","38,096.62",
40,1,LV,30926,45961,"2,983.34","38,096.71",
39,15,LV,27828,48012,"4,166.23","38,100.59",
25,2,LI,18501,57040,"7,876.73","38,106.24",
27,37,LI,21719,62604,"8,034.23","38,194.77",
28,38,LI,21689,57184,"6,744.85","38,211.43",
40,25,BV,30987,48159,"2,839.17","38,230.10",
16,40,TI,20881,56575,"7,147.54","38,234.23",
14,40,RV,21582,73888,"11,790.86","38,241.09",
40,28,BV,27799,47133,"2,937.81","38,246.04",
3,40,TI,21782,59182,"7,333.25","38,266.47",
15,25,LI,19897,78415,"10,360.91","38,272.68",
2,15,LV,29627,49175,"4,203.98","38,279.93",
40,26,TV,30442,50047,"3,341.29","38,289.47",
1,26,BI,22678,58877,"7,631.89","38,296.98",
1,28,RV,24023,56966,"6,699.62","38,301.31",
3,28,TI,18416,54067,"6,138.59","38,360.75",
14,38,LI,20193,56186,"6,464.02","38,360.95",
13,1,LI,23371,50515,"5,124.26","38,390.10",
25,40,RV,20838,75189,"11,292.88","38,404.07",
13,37,RV,25246,82641,"10,741.85","38,513.71",
26,14,TV,26372,56317,"4,175.29","38,515.80",
15,37,LI,19730,59710,"8,160.50","38,515.95",
14,4,LI,26315,46732,"4,086.65","38,584.27",
15,37,RV,22798,81500,"10,964.64","38,599.94",
28,3,TV,25963,60402,"5,136.17","38,611.94",
16,37,RI,25741,51256,"6,225.11","38,625.94",
40,28,RI,27391,48590,"4,551.61","38,632.97",
13,37,LI,20777,60056,"10,075.02","38,651.92",
40,3,RV,31985,45624,"2,116.20","38,662.55",
40,27,BV,29633,54989,"3,570.29","38,713.92",
37,13,LV,30610,49128,"3,429.31","38,758.40",
1,4,LV,19948,53793,"6,873.02","38,798.16",
37,25,TV,30766,47047,"3,532.50","38,807.63",
15,2,RV,31788,48025,"2,678.13","38,830.12",
3,15,TV,25498,75827,"7,709.54","38,835.49",
14,28,BI,28654,45246,"2,988.53","38,844.77",
25,3,TV,26730,61144,"5,888.98","38,850.02",
39,16,LV,28639,44740,"3,104.56","38,869.92",
40,13,BI,27033,52531,"5,492.23","38,892.98",
25,40,LV,26179,53659,"5,179.39","38,896.78",
3,37,RI,22821,57011,"7,753.78","38,908.40",
25,14,LV,25675,50567,"4,955.62","38,915.75",
27,40,TV,33242,50179,"2,766.02","38,952.32",
26,38,LV,25513,52272,"5,559.55","38,978.98",
38,14,TV,28066,64307,"4,712.03","38,982.16",
38,4,RI,26531,48031,"5,091.11","39,012.05",
2,15,BI,22067,53251,"7,234.92","39,033.54",
37,14,LI,18675,60689,"9,186.37","39,077.31",
4,40,BI,25434,49918,"4,266.25","39,086.28",
40,16,LI,20249,55539,"7,308.31","39,125.00",
25,38,TI,22255,58929,"7,519.57","39,132.05",
39,3,LV,28923,50227,"4,809.27","39,141.22",
25,39,RV,20311,85725,"11,847.89","39,143.51",
27,38,TI,22823,54369,"6,127.80","39,183.44",
3,38,TI,23541,69084,"8,759.99","39,224.04",
25,37,RI,24597,58112,"8,076.07","39,265.36",
28,15,LV,25284,52199,"5,882.99","39,280.93",
26,4,LV,29478,46789,"3,644.24","39,302.51",
27,39,LI,21030,62181,"8,653.59","39,323.21",
14,28,TV,27633,48654,"3,954.62","39,354.13",
3,15,RV,32718,46360,"2,599.37","39,354.81",
16,4,BI,25130,53352,"5,160.29","39,466.31",
1,37,RV,26312,76150,"10,310.01","39,507.25",
27,13,BI,24974,55184,"6,329.75","39,510.50",
37,14,LV,31098,49034,"3,375.46","39,512.22",
4,15,BI,19810,51154,"6,521.74","39,513.91",
27,14,LI,23470,64432,"7,877.66","39,528.40",
26,40,RV,22885,74516,"10,363.66","39,544.66",
15,38,RV,21000,88464,"10,735.32","39,579.92",
13,39,TV,25746,45504,"3,086.70","39,580.81",
4,16,TI,26699,66990,"5,401.65","39,586.34",
39,27,LI,22197,66582,"9,875.11","39,594.26",
39,13,TI,25803,57875,"6,973.61","39,618.14",
13,38,RV,23611,95037,"10,629.00","39,634.62",
38,3,TV,22590,60398,"6,610.79","39,653.19",
37,25,TI,20484,59769,"7,435.92","39,660.24",
15,37,RI,22128,60702,"7,956.78","39,670.96",
38,15,TV,28091,64171,"6,335.83","39,681.98",
40,2,LV,31674,47880,"2,665.36","39,697.85",
40,2,RV,29418,50082,"3,219.19","39,705.88",
28,40,TI,22189,66521,"7,191.11","39,735.62",
4,27,RV,15073,50409,"4,104.64","39,749.93",
26,16,TI,23916,68348,"6,053.48","39,786.49",
1,14,LI,19746,67026,"9,586.39","39,812.43",
39,13,TV,27617,62006,"4,656.76","39,833.74",
28,16,RI,23795,52514,"4,869.53","39,914.05",
25,15,TV,28240,75261,"5,982.53","39,928.17",
4,25,RV,30362,55154,"5,082.00","39,944.33",
37,25,LV,24530,58286,"6,009.44","39,949.81",
3,26,LI,22871,60452,"8,426.73","39,962.79",
16,13,LV,28854,52647,"5,041.78","40,000.51",
2,13,RV,31612,50182,"3,044.26","40,007.07",
4,26,RV,28594,61463,"5,851.26","40,008.34",
15,3,TI,20408,63628,"9,980.06","40,091.71",
28,14,RV,32453,47776,"3,205.54","40,115.79",
27,38,RV,21630,82131,"10,037.55","40,126.83",
27,15,LV,27527,51000,"5,228.98","40,154.76",
37,13,TV,31780,54803,"3,898.75","40,223.82",
25,2,TV,31636,55807,"4,533.23","40,277.97",
25,4,RI,28284,48119,"3,791.97","40,320.21",
16,4,RI,25008,49140,"4,580.33","40,337.89",
27,16,LI,26030,54352,"5,819.01","40,349.87",
40,26,LV,29351,50497,"4,187.04","40,379.76",
3,2,LV,23537,52866,"5,207.44","40,444.19",
13,1,RV,33357,46549,"2,632.81","40,455.11",
16,38,TI,19851,65060,"9,953.21","40,475.76",
37,1,LV,31794,50785,"3,591.20","40,478.87",
40,15,BV,22144,72581,"9,881.44","40,482.13",
26,38,RI,19167,58819,"7,924.37","40,504.53",
28,37,RI,24816,60374,"8,695.92","40,539.49",
16,28,LI,28075,58267,"5,328.53","40,594.03",
4,37,RI,24574,55497,"6,702.26","40,597.26",
13,28,TV,30684,47118,"3,132.28","40,657.12",
40,1,TV,29827,59394,"4,625.02","40,687.65",
28,16,RV,29751,51019,"3,800.35","40,693.55",
26,39,RV,22385,77747,"11,216.24","40,713.18",
40,14,TI,20982,65096,"8,813.26","40,763.86",
13,2,RI,25284,61082,"6,609.72","40,774.04",
28,14,BI,25532,60337,"6,589.76","40,817.79",
28,16,LV,26659,51823,"5,997.46","40,862.86",
15,4,RI,26325,63652,"7,920.15","40,880.43",
13,40,TI,22544,62659,"8,228.06","40,932.64",
27,16,LV,28352,52294,"4,930.76","40,965.11",
2,16,LV,30773,47567,"3,363.72","40,971.94",
13,26,BI,28643,58162,"5,089.98","40,975.46",
14,1,RV,32912,48866,"3,021.00","40,987.38",
2,38,RI,24415,59079,"7,031.73","41,012.09",
14,40,LI,24715,55580,"5,084.06","41,039.47",
1,13,BI,26794,57298,"6,804.70","41,077.01",
3,28,LI,22245,55848,"6,799.42","41,090.79",
2,14,LV,30610,54570,"5,011.31","41,139.19",
40,28,BI,23466,55352,"5,287.83","41,249.59",
13,1,RI,25255,59514,"6,461.58","41,266.54",
4,13,LV,32422,50959,"4,151.92","41,273.04",
39,1,TI,20260,85672,"11,190.17","41,276.61",
28,37,RV,25043,84492,"11,874.44","41,297.22",
27,3,LV,34114,48869,"3,297.96","41,319.18",
2,38,LI,19383,60067,"7,918.69","41,359.61",
38,14,TI,21019,68598,"8,366.48","41,363.45",
37,2,RI,21551,57260,"5,687.31","41,452.45",
16,2,TI,27142,60793,"7,189.11","41,470.33",
39,27,LV,26862,64785,"6,044.36","41,496.65",
16,39,RI,23279,55480,"6,537.83","41,548.26",
15,1,LI,21943,56178,"6,266.29","41,556.25",
38,28,LV,21676,57426,"7,399.33","41,652.79",
1,28,BI,31553,50607,"3,714.58","41,655.79",
38,16,TI,25862,75035,"5,774.43","41,659.86",
27,40,BI,22390,60565,"7,112.85","41,687.89",
39,27,TI,25861,64306,"7,386.71","41,688.12",
40,14,BI,27226,55358,"6,160.25","41,688.85",
15,4,BI,25539,62374,"7,246.65","41,710.25",
3,37,RV,26637,77703,"11,269.56","41,802.31",
3,13,LV,33274,53113,"3,335.60","41,810.27",
40,15,BI,22904,55157,"6,985.25","41,821.00",
39,2,RI,21952,61915,"6,380.89","41,823.01",
40,16,TV,29061,55225,"5,940.72","41,835.44",
40,26,TI,28154,59207,"5,783.63","41,850.28",
16,14,LV,28449,56108,"5,910.72","41,869.12",
39,26,TV,32082,50379,"3,637.87","41,926.30",
39,4,LV,30459,52565,"3,912.51","41,933.25",
37,13,BI,21944,69428,"11,755.01","41,988.87",
27,39,RI,26096,54011,"5,504.29","42,007.50",
38,3,LV,31882,53349,"4,069.05","42,073.09",
15,39,LI,23602,60994,"9,438.96","42,083.24",
37,26,LV,27391,55268,"5,390.81","42,095.96",
14,39,RV,21000,83925,"12,653.23","42,146.12",
1,16,RI,24763,67016,"8,511.68","42,159.05",
1,38,RV,24091,100527,"11,254.94","42,207.34",
2,16,TI,26960,75331,"6,025.57","42,207.49",
37,4,BI,26712,56270,"5,804.19","42,214.74",
38,1,TV,27892,64836,"6,521.71","42,269.59",
3,14,RV,34310,49860,"2,558.27","42,297.08",
37,26,LI,24849,70648,"9,454.16","42,297.08",
40,28,TI,25738,60383,"6,216.89","42,319.00",
40,26,LI,24913,61200,"7,918.61","42,328.41",
37,27,LV,29567,54348,"4,978.99","42,367.87",
26,16,TV,30221,54316,"4,167.44","42,385.88",
1,14,RV,35224,50564,"2,899.79","42,391.35",
13,39,LI,23109,72802,"11,139.34","42,396.78",
26,16,BI,32252,51354,"3,576.35","42,397.00",
28,40,LI,27439,56463,"5,349.61","42,397.52",
4,28,RV,33975,54672,"4,141.16","42,424.52",
25,13,BI,27490,63137,"9,354.22","42,442.82",
16,38,LI,22761,70528,"8,563.29","42,455.14",
3,14,BI,21503,63794,"7,618.78","42,474.13",
3,16,RI,24793,65468,"8,585.02","42,490.17",
39,15,TI,24435,63677,"8,245.45","42,534.79",
39,27,TV,34146,53862,"3,457.81","42,564.73",
3,16,TV,30202,56927,"5,257.28","42,566.74",
15,40,TI,25081,62086,"6,866.36","42,575.10",
28,13,RV,33991,52700,"3,316.64","42,640.54",
1,28,TV,31854,51901,"3,929.62","42,671.52",
1,15,RV,36232,52679,"2,508.57","42,677.05",
39,15,TV,30996,82402,"6,883.81","42,736.42",
28,13,BV,27464,79302,"8,991.35","42,776.80",
26,40,LV,25710,57881,"7,047.66","42,780.60",
15,3,LI,24911,64529,"8,639.24","42,788.04",
28,39,RI,26798,56321,"7,015.64","42,796.70",
39,14,TV,34031,82255,"5,714.39","42,820.90",
37,26,TV,34100,53838,"3,994.17","42,833.01",
39,25,TI,26662,59819,"7,053.08","42,849.06",
15,26,BI,21729,58694,"6,784.13","42,863.56",
27,37,LV,25747,61358,"6,682.18","42,882.78",
25,40,BI,26275,66458,"7,789.18","42,893.07",
37,2,LV,28435,52917,"4,160.52","42,903.56",
4,39,RI,29040,54162,"5,981.83","42,924.15",
15,39,RI,25696,58176,"7,210.01","42,924.81",
13,38,TI,25616,67058,"8,311.71","42,940.24",
27,38,LV,29266,58417,"5,958.41","42,944.18",
4,15,LV,32766,51849,"3,573.78","42,951.08",
13,40,TV,33354,50333,"3,429.82","43,000.75",
15,1,RV,36277,48724,"2,656.91","43,002.42",
27,38,RI,23145,62589,"7,713.13","43,028.78",
1,37,RI,27174,68914,"8,836.34","43,039.39",
37,16,LI,19060,61316,"9,193.32","43,053.94",
3,16,RV,32827,51199,"3,594.43","43,115.54",
28,13,TV,36170,57348,"3,339.75","43,120.38",
25,16,RI,28112,57516,"5,477.49","43,138.29",
3,15,BI,24671,62508,"6,397.73","43,166.39",
38,2,TV,30928,58397,"5,704.99","43,276.65",
37,27,TV,35204,52892,"3,598.25","43,320.91",
15,27,LI,23256,65517,"7,945.22","43,364.27",
3,14,TI,22625,69208,"8,306.75","43,394.53",
40,2,TV,31935,57484,"4,938.10","43,425.49",
3,14,LI,22466,66670,"8,785.99","43,448.02",
25,40,TI,22141,67125,"9,182.37","43,456.26",
16,2,LI,22999,58459,"5,951.16","43,495.08",
13,37,RI,21213,71759,"11,534.29","43,500.63",
26,40,RI,34054,54975,"3,249.69","43,508.32",
4,38,LI,23960,59603,"6,788.62","43,525.20",
25,39,RI,25151,58839,"6,840.54","43,531.37",
3,15,LV,33836,52563,"3,849.81","43,539.09",
16,38,RI,29498,57934,"6,514.92","43,567.68",
40,16,TI,26827,76625,"6,018.14","43,648.44",
25,4,TV,31298,62816,"5,453.07","43,660.42",
40,4,BI,28900,58379,"4,747.87","43,744.78",
13,26,RI,29307,61181,"5,669.12","43,749.82",
14,1,LV,32326,53378,"3,618.60","43,792.41",
37,15,TV,31237,73735,"6,990.38","43,799.57",
27,40,RV,21732,81428,"12,710.00","43,905.38",
40,4,RI,30382,51884,"4,320.95","43,966.03",
14,27,LV,30746,67513,"5,760.86","43,981.73",
3,38,RV,25718,111484,"13,200.24","44,108.22",
28,14,TI,22922,61415,"7,618.68","44,172.90",
40,2,TI,26868,63930,"7,644.44","44,173.82",
15,38,RI,29736,64123,"7,321.39","44,178.55",
28,15,TV,34748,67357,"5,571.81","44,221.42",
2,40,RV,23191,96219,"16,138.12","44,253.18",
4,14,LV,34547,58167,"4,967.42","44,308.48",
25,13,TV,33100,58034,"4,792.85","44,353.51",
25,1,LV,34120,55128,"4,035.79","44,370.33",
4,38,RI,29455,59632,"6,650.20","44,372.97",
37,2,TI,27952,70087,"8,397.26","44,423.41",
28,16,BV,24939,90788,"9,943.08","44,428.04",
39,13,BI,28972,61102,"8,638.27","44,443.09",
37,28,RI,26748,63956,"8,626.77","44,481.61",
28,14,BV,27665,71530,"9,150.50","44,499.33",
16,26,TI,27438,70205,"8,734.37","44,549.03",
39,3,TV,29278,76168,"6,061.04","44,561.77",
39,28,BI,28108,62144,"7,618.86","44,605.53",
40,28,LV,28805,65001,"7,338.97","44,650.34",
13,2,TI,28276,69336,"8,252.80","44,715.10",
37,2,LI,19301,67261,"9,854.74","44,716.31",
28,13,LV,32423,58113,"4,807.68","44,723.02",
16,28,RI,29775,56721,"4,913.20","44,725.71",
40,1,RV,37644,52643,"3,141.52","44,778.97",
2,14,BI,23137,64900,"8,731.92","44,817.58",
40,3,TV,27031,61877,"5,698.48","44,820.61",
1,28,LI,18049,68444,"10,268.57","44,905.94",
1,40,BI,29978,57726,"5,155.35","44,911.77",
40,2,LI,20538,67481,"8,454.65","44,986.20",
15,38,TI,28491,72205,"9,230.46","45,021.33",
28,4,TV,28996,60849,"6,341.81","45,100.38",
15,13,LV,28765,59712,"6,504.74","45,131.29",
3,14,LV,36744,60785,"4,880.21","45,199.78",
27,1,TV,33971,64067,"4,612.58","45,213.16",
39,15,BI,26647,63173,"7,558.32","45,214.50",
27,39,RV,21767,88556,"14,441.74","45,216.05",
15,28,RI,20941,61707,"8,088.39","45,226.24",
15,40,RV,23896,86702,"14,417.63","45,370.00",
13,28,LI,27448,59097,"5,982.66","45,389.73",
16,4,LI,30437,57033,"5,803.48","45,396.91",
14,3,LV,36762,55502,"3,390.11","45,405.13",
4,14,BI,26941,68500,"7,832.76","45,414.60",
4,16,LV,36349,53945,"3,584.32","45,450.96",
39,14,LI,23456,72556,"10,266.07","45,474.54",
3,39,RI,26808,63652,"7,951.13","45,528.52",
28,14,TV,36853,67651,"4,685.00","45,569.76",
1,13,LV,36133,54125,"3,671.94","45,646.41",
25,38,LI,21102,71460,"9,685.09","45,706.91",
3,40,BI,27914,64769,"7,946.73","45,711.36",
39,3,TI,24196,69186,"8,826.19","45,812.29",
37,14,TV,35243,79453,"5,241.47","45,820.18",
27,3,TV,31562,63496,"5,781.44","45,821.96",
3,16,LV,36013,55238,"3,111.78","45,827.10",
37,3,TV,27892,64690,"6,248.85","45,833.19",
13,40,RV,23727,98973,"16,218.55","45,894.96",
2,39,RV,21883,97905,"15,426.79","45,902.75",
40,27,TV,36388,55238,"3,647.80","45,903.62",
1,14,TI,19931,67544,"9,411.98","45,904.83",
3,38,RI,23570,68941,"8,610.99","45,934.40",
28,38,RV,27661,95904,"10,383.72","45,963.84",
13,3,LV,38283,57324,"3,507.98","46,011.31",
16,25,RV,38533,56217,"3,519.87","46,061.32",
28,37,LV,35751,59062,"4,322.04","46,092.09",
1,16,LI,23641,70198,"8,245.01","46,176.81",
27,39,LV,28636,97896,"9,324.51","46,259.67",
14,25,LV,32898,72211,"4,990.36","46,321.11",
1,15,BI,28084,62059,"6,747.33","46,350.62",
25,38,RI,25061,68702,"8,909.26","46,368.54",
37,28,TV,36307,57196,"3,403.58","46,406.32",
39,4,BI,23957,73367,"9,155.02","46,415.58",
38,4,TV,30830,64569,"7,118.93","46,456.30",
3,13,RV,36756,53999,"3,264.97","46,464.44",
27,4,LV,33804,59680,"4,335.08","46,583.71",
25,14,TV,36230,77723,"4,876.90","46,603.08",
14,26,LV,36854,56301,"3,607.36","46,605.14",
1,38,LI,22719,67531,"8,749.84","46,608.95",
1,13,RV,38387,53882,"3,130.62","46,621.58",
28,1,LV,34569,56688,"4,456.36","46,665.40",
39,1,TV,31940,77460,"6,415.44","46,758.72",
14,2,LV,37523,62567,"4,133.04","46,780.33",
37,3,LV,35427,56006,"4,552.87","46,981.47",
25,14,TI,21825,70809,"9,358.91","47,013.83",
1,16,RV,36810,54810,"3,415.17","47,046.92",
39,14,BI,25519,68318,"8,524.71","47,091.71",
27,14,BI,27177,67097,"7,869.89","47,104.45",
39,16,TV,33342,59151,"5,014.06","47,139.22",
13,4,TI,25423,66236,"8,018.60","47,194.67",
27,15,BI,27268,63988,"7,796.06","47,210.79",
39,28,RI,26854,70394,"10,414.52","47,302.38",
2,27,LV,25567,66839,"6,752.81","47,344.25",
15,26,TI,27802,72685,"9,815.55","47,346.64",
16,26,LI,32119,67866,"7,314.11","47,363.89",
13,1,LV,40392,56521,"3,160.93","47,475.07",
27,40,TI,25752,65374,"8,947.61","47,498.42",
39,2,TV,35593,62741,"5,077.89","47,511.47",
1,15,LV,37673,57093,"4,255.19","47,527.74",
27,14,TI,23094,71555,"8,995.99","47,573.75",
25,2,LV,34626,62120,"4,824.59","47,607.09",
28,39,LV,29933,95940,"8,154.03","47,615.89",
28,14,LV,32287,60217,"5,376.16","47,668.60",
15,39,RV,19642,89941,"15,815.77","47,673.97",
16,37,LV,35035,79668,"5,741.55","47,684.90",
39,28,LV,27754,68494,"7,665.66","47,697.98",
27,2,TV,35904,63053,"4,888.55","47,722.33",
39,16,LI,25180,62845,"6,612.36","47,744.15",
16,26,RV,40758,63654,"3,564.37","47,786.71",
40,16,BI,36350,59330,"4,791.89","47,798.59",
16,40,RI,37504,59172,"4,417.77","47,944.49",
1,38,RI,22705,75969,"9,740.31","48,022.65",
25,16,TV,33404,63841,"5,587.09","48,036.70",
37,1,TV,34123,64184,"5,709.61","48,048.82",
37,28,LI,23480,73186,"8,659.83","48,056.68",
38,16,TV,34291,65366,"5,723.99","48,095.79",
1,16,LV,37418,59566,"3,955.70","48,097.33",
27,38,LI,22577,73232,"9,946.90","48,106.41",
37,28,BI,32759,60021,"5,459.91","48,260.94",
13,39,RV,21691,98871,"17,423.11","48,281.51",
2,26,LV,36884,59609,"4,993.14","48,306.93",
40,3,LV,39957,59775,"3,840.51","48,395.03",
28,40,RV,26643,95732,"14,186.38","48,494.26",
28,2,LV,35955,63067,"4,681.09","48,513.36",
16,40,LI,27428,72786,"7,900.13","48,574.98",
1,14,BI,25728,70853,"9,800.57","48,587.46",
13,4,BI,27194,74539,"10,066.20","48,599.13",
16,28,BI,27961,62371,"6,470.38","48,617.39",
2,40,LI,26860,66641,"7,558.75","48,660.41",
1,39,RI,30585,64445,"7,490.56","48,699.27",
28,38,RI,26713,71483,"9,390.22","48,710.18",
13,2,LI,26829,78235,"7,798.63","48,741.36",
4,15,RV,39953,54633,"2,632.24","48,757.21",
37,28,LV,21131,65869,"7,638.52","48,797.43",
13,28,RI,29401,64508,"7,243.90","48,885.85",
1,39,RV,27072,97205,"14,208.86","48,980.87",
2,40,RI,33903,58693,"4,680.64","49,052.50",
13,26,TI,22899,78038,"10,758.17","49,102.93",
28,38,LV,30704,68790,"5,568.67","49,127.90",
39,2,LI,24058,77324,"10,094.60","49,131.81",
25,15,BI,29363,64460,"6,900.20","49,172.78",
37,15,LV,35348,57056,"4,620.44","49,198.42",
39,14,TI,28336,73318,"8,737.48","49,206.50",
15,2,LI,22861,73889,"8,172.50","49,360.59",
27,40,LV,30230,68979,"8,326.97","49,376.15",
16,27,RV,39134,59522,"4,082.73","49,390.78",
14,4,LV,35347,60530,"5,088.32","49,454.26",
37,15,BI,25155,70329,"10,258.46","49,507.49",
38,4,LV,35276,60441,"5,920.27","49,607.71",
37,14,TI,27149,79873,"10,202.24","49,609.34",
16,28,RV,38809,62359,"4,242.04","49,686.58",
37,4,RI,33152,67975,"8,558.44","49,938.23",
25,14,BI,25750,79131,"10,206.23","49,980.51",
15,2,TI,24581,79635,"10,070.92","50,160.13",
4,14,RV,42744,57324,"3,140.78","50,172.17",
1,40,RV,30714,95820,"15,003.56","50,208.15",
28,15,BV,26771,73301,"10,315.97","50,212.41",
27,40,RI,33046,70932,"6,868.90","50,216.48",
13,4,RI,31205,67533,"6,774.43","50,241.96",
16,39,LV,37293,88325,"7,462.01","50,242.83",
13,4,LI,34380,65668,"6,633.81","50,247.32",
28,16,TV,37513,67790,"5,446.31","50,265.59",
2,16,BI,39186,65965,"4,051.03","50,285.89",
16,38,LV,38879,90052,"5,772.22","50,375.42",
1,14,LV,42762,63148,"4,342.74","50,381.15",
39,28,TV,38398,59147,"4,066.08","50,573.42",
2,28,LV,28820,67759,"8,311.50","50,578.55",
4,16,RV,41588,58041,"3,052.28","50,621.75",
14,37,LV,41408,65432,"4,638.13","50,709.29",
15,40,RI,37949,67403,"4,020.43","50,813.31",
13,2,LV,42487,62128,"3,769.84","50,856.03",
2,25,LV,33088,73525,"6,828.55","50,860.96",
16,4,TI,23735,74236,"10,564.18","50,923.33",
3,40,RV,28886,99319,"16,581.93","50,985.25",
1,16,TI,33014,101076,"8,106.32","51,048.07",
3,16,LI,25463,72680,"9,746.62","51,066.93",
3,16,TI,28686,87063,"8,928.26","51,099.82",
3,38,LI,25615,71573,"9,160.31","51,125.04",
15,14,LV,32320,66695,"7,591.59","51,138.51",
2,37,LV,39603,64544,"4,542.36","51,159.82",
27,4,TV,37926,69585,"6,744.79","51,319.18",
15,28,BI,27082,66773,"6,157.08","51,414.70",
37,26,TI,23956,82001,"10,468.25","51,509.97",
37,16,TI,34716,91275,"6,901.69","51,563.77",
39,26,LI,25520,81049,"10,503.88","51,578.55",
16,37,RV,35694,100969,"13,736.36","51,602.50",
37,2,TV,39031,72494,"6,153.16","51,640.00",
28,39,RV,26768,103028,"16,083.58","51,711.60",
37,28,TI,33245,72561,"7,473.72","51,735.64",
2,39,LV,37709,77641,"6,150.12","51,779.75",
39,16,TI,33557,101524,"8,003.33","51,856.24",
13,4,LV,37027,64825,"5,429.70","51,869.78",
14,39,LV,39287,85701,"5,920.14","52,038.20",
37,4,LV,37578,61793,"4,481.04","52,127.64",
2,38,LV,39065,62407,"4,603.30","52,145.66",
14,28,LV,33523,71815,"6,368.62","52,312.62",
40,15,LV,38969,66626,"6,315.29","52,352.50",
37,16,LV,39954,61471,"4,689.39","52,436.95",
37,4,LI,25500,69885,"9,123.87","52,452.44",
28,16,BI,37964,65608,"4,634.18","52,481.02",
40,28,LI,25774,76078,"10,719.95","52,493.25",
3,39,RV,24134,113743,"18,400.88","52,570.59",
13,39,RI,28700,80565,"10,990.18","52,609.96",
25,40,LI,31977,75544,"8,594.31","52,672.18",
4,40,LI,31625,71136,"7,726.57","52,680.12",
15,26,LI,34276,91806,"11,107.29","52,680.72",
40,28,TV,40445,61363,"4,108.55","52,746.22",
4,13,RV,47283,59863,"2,750.15","52,765.50",
1,27,LV,29510,73777,"6,558.04","52,928.22",
28,16,TI,32915,77001,"7,342.15","52,965.32",
39,26,TI,30554,74280,"8,652.32","53,016.53",
37,14,BI,27906,92322,"11,800.66","53,134.00",
4,25,LV,37208,74150,"6,035.50","53,393.29",
28,40,LV,31062,71239,"7,428.98","53,448.30",
13,28,BI,28667,75851,"9,669.58","53,468.50",
1,39,LV,34411,82500,"8,564.46","53,574.02",
1,26,LV,43565,64148,"3,883.10","53,716.47",
3,16,BI,34570,80242,"10,411.22","53,749.85",
4,26,LV,36668,69993,"5,994.17","53,770.33",
25,3,LV,43891,68272,"4,496.41","53,812.49",
37,4,TV,36104,73558,"7,861.51","53,937.81",
15,38,LI,27985,85743,"10,251.74","54,098.89",
15,28,LI,34361,89310,"8,965.63","54,134.67",
25,16,TI,30959,79289,"8,823.02","54,247.92",
40,16,LV,36275,66246,"6,828.39","54,264.61",
39,4,TV,33880,73425,"7,843.36","54,370.30",
16,4,RV,46305,62546,"3,113.99","54,406.92",
14,38,LV,43557,70927,"5,072.30","54,460.72",
27,40,LI,32281,77472,"9,091.70","54,704.13",
15,37,LV,37434,73059,"6,559.55","54,727.53",
37,16,TV,37347,75696,"6,216.71","54,972.37",
13,38,RI,27699,81560,"12,866.37","54,984.67",
13,28,TI,28622,71644,"8,934.28","55,020.23",
27,15,TV,38050,78070,"8,324.63","55,105.20",
39,16,BI,42547,67581,"4,506.72","55,128.08",
16,2,RV,49956,64226,"2,605.23","55,135.67",
27,14,TV,38411,79836,"6,411.23","55,181.95",
40,4,TV,34701,77015,"8,352.27","55,262.77",
16,3,RV,49458,60351,"2,060.18","55,358.23",
16,25,LV,36706,76113,"7,417.07","55,646.91",
27,13,TV,39993,73368,"6,371.01","55,703.32",
1,40,LI,25700,74146,"9,437.88","55,842.96",
1,25,LV,39270,73123,"5,333.82","56,030.44",
16,38,RV,33722,135233,"15,678.89","56,063.12",
40,4,LV,38217,73428,"6,952.96","56,107.71",
4,27,LV,11882,78340,"7,443.64","56,408.03",
39,2,TI,31415,109920,"13,208.87","56,520.96",
15,4,LI,34644,76300,"8,867.43","56,548.24",
15,38,LV,43508,82674,"5,043.38","56,823.79",
13,26,LI,34846,83672,"10,727.51","56,827.24",
13,27,LV,36995,79133,"8,972.47","56,833.22",
16,1,LV,42533,70327,"4,939.20","56,939.94",
4,16,BI,42186,65980,"4,765.88","56,972.69",
39,4,RI,29863,76609,"11,566.74","57,036.95",
13,39,LV,45496,77200,"5,481.84","57,299.85",
16,26,LV,36419,86891,"7,032.32","57,328.38",
39,28,TI,34110,76730,"8,741.64","57,485.77",
13,37,LV,48468,72942,"4,033.84","57,521.22",
14,40,LV,37197,74650,"6,401.63","57,525.23",
16,28,TI,31216,70817,"8,681.16","57,637.50",
16,1,RV,51782,66999,"2,797.31","57,672.77",
15,39,LV,39575,94178,"7,045.74","57,679.53",
4,37,RV,34029,101483,"12,102.74","57,928.49",
15,28,TI,30495,88057,"9,414.86","58,050.01",
16,40,RV,33029,125835,"20,951.32","58,097.46",
28,3,LV,47506,68476,"4,726.83","58,161.39",
40,4,LI,30567,74413,"9,161.91","58,474.68",
13,25,LV,42754,74652,"6,884.43","59,119.29",
16,40,LV,40048,79927,"7,326.46","59,234.85",
15,40,LI,31422,80199,"9,231.03","59,251.25",
3,26,LV,45658,78896,"5,786.55","59,278.39",
4,40,RI,41183,70845,"5,738.35","59,636.53",
1,40,RI,42433,78934,"7,728.93","59,663.97",
3,25,LV,43105,78201,"6,204.27","59,729.17",
4,39,LV,44359,88897,"6,395.80","59,735.55",
2,40,LV,37897,76512,"8,010.66","59,846.32",
1,28,LV,39211,76851,"7,424.11","59,860.00",
28,40,RI,44889,72340,"6,094.81","60,072.85",
4,37,LV,49501,75279,"4,783.10","60,112.94",
39,4,TI,32162,108013,"14,326.89","60,117.13",
15,27,LV,39985,88108,"7,510.71","60,122.13",
15,1,LV,46984,71511,"5,393.15","60,189.31",
13,26,LV,47320,78507,"6,282.89","60,496.41",
27,16,TI,32035,91063,"9,746.06","60,640.56",
27,16,TV,43036,87086,"8,321.82","61,355.48",
4,38,RV,38776,140773,"12,692.46","61,368.04",
25,4,LV,41955,74114,"6,172.63","61,419.89",
13,28,LV,39585,83985,"9,939.51","61,450.06",
16,2,LV,45360,76118,"5,494.78","61,856.63",
13,38,LV,50298,80099,"4,794.53","61,951.27",
15,4,TI,25076,100064,"15,210.25","62,293.87",
27,16,BI,41201,82715,"8,071.10","62,319.52",
39,4,LI,29433,81919,"9,375.97","62,494.98",
1,37,LV,48618,80610,"5,728.08","62,829.67",
13,38,LI,29728,102202,"13,434.04","62,855.00",
25,16,BI,44980,85654,"8,381.67","63,339.40",
3,40,RI,38045,85536,"10,434.44","63,363.59",
15,26,LV,43163,85937,"7,024.56","63,426.44",
1,40,LV,39907,84608,"10,725.35","63,587.23",
37,16,BI,49152,84492,"5,904.23","63,670.17",
3,27,LV,10993,83459,"8,620.14","63,849.56",
4,38,LV,50910,81313,"5,714.34","63,886.56",
1,38,LV,46754,78990,"7,117.78","64,542.43",
16,27,LV,45830,89008,"7,713.64","64,862.98",
28,4,LV,46703,75793,"6,106.26","65,066.68",
25,40,RI,42933,80862,"7,718.70","65,381.21",
4,40,RV,44944,120583,"15,954.29","65,561.66",
15,25,LV,43403,90809,"8,540.01","65,697.57",
4,28,LV,34652,84827,"9,862.68","65,913.01",
13,40,LI,36962,95931,"9,733.25","65,941.11",
3,40,LI,32392,91777,"11,408.78","66,343.97",
16,39,RV,33647,145539,"21,918.34","66,666.22",
39,28,LI,29305,93562,"12,838.10","66,759.16",
13,40,LV,44198,89237,"8,208.46","67,097.04",
13,40,RI,44255,85874,"6,711.24","67,788.55",
3,39,LV,50346,90089,"9,415.46","68,514.47",
4,39,RV,41999,134954,"16,835.81","68,551.40",
3,38,LV,51678,86891,"8,182.75","69,118.03",
15,2,LV,51782,82626,"6,529.42","70,179.93",
15,28,LV,36467,94043,"10,645.16","70,204.80",
3,37,LV,56045,89153,"7,074.42","71,448.29",
1,16,BI,46663,86045,"7,981.36","72,019.46",
15,40,LV,46826,88974,"9,016.17","72,081.43",
16,3,LV,60524,84675,"5,703.95","72,539.48",
3,28,LV,44359,94493,"10,683.03","72,674.51",
3,40,LV,44904,100796,"12,391.31","74,963.00",
4,40,LV,47586,96374,"9,733.20","75,101.71",
16,28,LV,36658,100503,"11,773.90","75,699.00",
15,3,LV,55690,96120,"8,679.45","77,659.73",
16,4,LV,60133,93534,"7,072.55","82,159.44",
15,4,LV,62061,108801,"8,911.28","89,981.57",